Timestamp,Longitude,Latitude,Operatorname,NetworkTech,Level,Speed,Altitude,Filemark
2025.04.02_18.22.08,77.895146,29.864151,JIO4G,4G,-83,1,212,
2025.04.02_18.22.16,77.895241,29.864105,JIO4G,4G,-86,2,223,
2025.04.02_18.22.22,77.895303,29.864011,JIO4G,4G,-83,3,225,
2025.04.02_18.22.28,77.895328,29.863923,JIO4G,4G,-85,4,229,
2025.04.02_18.22.29,77.895328,29.863923,JIO4G,4G,-86,4,229,
2025.04.02_18.22.36,77.89534,29.863833,JIO4G,4G,-85,4,230,
2025.04.02_18.22.45,77.895338,29.863738,JIO4G,4G,-80,3,225,
2025.04.02_18.22.53,77.895348,29.863644,JIO4G,4G,-83,3,223,
2025.04.02_18.23.03,77.895331,29.86355,JIO4G,4G,-82,3,223,
2025.04.02_18.23.11,77.895311,29.863455,JIO4G,4G,-80,4,224,
2025.04.02_18.23.18,77.895311,29.863363,JIO4G,4G,-78,4,226,
2025.04.02_18.23.26,77.89535,29.863274,JIO4G,4G,-65,4,228,
2025.04.02_18.23.27,77.89535,29.863274,JIO4G,2G,-113,4,228,
2025.04.02_18.23.29,77.89535,29.863274,JIO4G,4G,-68,4,228,
2025.04.02_18.23.34,77.895331,29.863173,JIO4G,4G,-71,4,228,
2025.04.02_18.23.43,77.895318,29.863078,JIO4G,4G,-77,4,225,
2025.04.02_18.23.52,77.895276,29.86299,JIO4G,4G,-76,4,226,
2025.04.02_18.24.01,77.895273,29.862893,JIO4G,4G,-76,4,227,
2025.04.02_18.24.07,77.895305,29.862796,JIO4G,4G,-77,4,229,
2025.04.02_18.24.09,77.895305,29.862796,JIO4G,2G,-113,4,229,
2025.04.02_18.24.10,77.895305,29.862796,JIO4G,4G,-75,4,229,
2025.04.02_18.24.12,77.895305,29.862796,JIO4G,4G,-71,4,229,
2025.04.02_18.24.14,77.895293,29.862696,JIO4G,4G,-71,4,233,
2025.04.02_18.24.21,77.89528,29.862606,JIO4G,4G,-67,4,238,
2025.04.02_18.24.25,77.89528,29.862606,JIO4G,4G,-78,4,238,
2025.04.02_18.24.29,77.895283,29.862515,JIO4G,4G,-70,4,237,
2025.04.02_18.24.36,77.895296,29.862421,JIO4G,4G,-65,4,236,
2025.04.02_18.24.42,77.895353,29.862329,JIO4G,4G,-72,4,231,
2025.04.02_18.24.51,77.895418,29.862258,JIO4G,4G,-74,4,230,
2025.04.02_18.25.00,77.895496,29.862181,JIO4G,4G,-79,3,229,
2025.04.02_18.25.09,77.895611,29.862164,JIO4G,4G,-78,3,229,
2025.04.02_18.25.18,77.895708,29.862126,JIO4G,4G,-78,3,231,
2025.04.02_18.25.25,77.895825,29.86209,JIO4G,4G,-79,3,234,
2025.04.02_18.25.31,77.895928,29.86205,JIO4G,4G,-75,3,232,
2025.04.02_18.25.37,77.896033,29.862029,JIO4G,4G,-77,3,234,
2025.04.02_18.25.46,77.896126,29.861976,JIO4G,4G,-76,3,238,
2025.04.02_18.25.55,77.896221,29.861936,JIO4G,4G,-77,3,245,
2025.04.02_18.26.06,77.896336,29.861884,JIO4G,4G,-80,3,254,
2025.04.02_18.26.12,77.896393,29.861808,JIO4G,4G,-76,3,256,
2025.04.02_18.26.17,77.896495,29.861831,JIO4G,4G,-81,4,254,
2025.04.02_18.26.20,77.896581,29.86192,JIO4G,4G,-84,4,253,
2025.04.02_18.26.23,77.896641,29.862006,JIO4G,4G,-84,3,251,
2025.04.02_18.26.25,77.896641,29.862006,JIO4G,4G,-73,3,251,
2025.04.02_18.26.31,77.89669,29.862096,JIO4G,4G,-74,3,248,
2025.04.02_18.26.37,77.896686,29.862191,JIO4G,4G,-72,4,247,
2025.04.02_18.26.41,77.89675,29.862263,JIO4G,4G,-75,4,240,
2025.04.02_18.26.48,77.896813,29.862344,JIO4G,4G,-79,3,235,
2025.04.02_18.26.50,77.896813,29.862344,JIO4G,4G,-82,3,235,
2025.04.02_18.26.58,77.896793,29.862441,JIO4G,4G,-84,3,231,
2025.04.02_18.27.07,77.896713,29.862503,JIO4G,4G,-81,3,229,
2025.04.02_18.27.14,77.896726,29.862606,JIO4G,4G,-80,4,229,
2025.04.02_18.27.21,77.896748,29.862701,JIO4G,4G,-80,4,232,
2025.04.02_18.27.26,77.89678,29.86279,JIO4G,4G,-77,4,228,
2025.04.02_18.27.33,77.896806,29.86289,JIO4G,4G,-85,4,226,
2025.04.02_18.27.39,77.896801,29.862983,JIO4G,4G,-82,4,226,
2025.04.02_18.27.46,77.896708,29.863036,JIO4G,4G,-80,4,228,
2025.04.02_18.27.54,77.896593,29.86304,JIO4G,4G,-73,4,229,
2025.04.02_18.28.02,77.89648,29.863048,JIO4G,4G,-85,4,225,
2025.04.02_18.28.11,77.896363,29.863053,JIO4G,4G,-84,3,223,
2025.04.02_18.28.19,77.896253,29.86307,JIO4G,4G,-82,3,227,
2025.04.02_18.28.30,77.896141,29.863078,JIO4G,4G,-83,3,228,
2025.04.02_18.28.36,77.896141,29.863078,JIO4G,4G,-81,3,228,
2025.04.02_18.28.37,77.896035,29.863058,JIO4G,4G,-81,3,227,
2025.04.02_18.28.44,77.895923,29.863058,JIO4G,4G,-79,4,224,
2025.04.02_18.28.50,77.895815,29.863046,JIO4G,4G,-73,4,222,
2025.04.02_18.28.59,77.895708,29.863076,JIO4G,4G,-80,4,224,
2025.04.02_18.29.06,77.895585,29.863075,JIO4G,4G,-77,4,219,
2025.04.02_18.29.14,77.89544,29.863085,JIO4G,4G,-76,4,216,
2025.04.02_18.29.22,77.895333,29.863128,JIO4G,4G,-77,4,222,
2025.04.02_18.29.31,77.895286,29.863211,JIO4G,4G,-77,3,223,
2025.04.02_18.29.41,77.895315,29.863308,JIO4G,4G,-78,3,225,
2025.04.02_18.29.50,77.895318,29.863404,JIO4G,4G,-84,4,224,
2025.04.02_18.29.56,77.89531,29.863496,JIO4G,4G,-87,4,224,
2025.04.02_18.30.04,77.895318,29.863591,JIO4G,4G,-84,4,227,
2025.04.02_18.30.14,77.895355,29.863685,JIO4G,4G,-83,4,229,
2025.04.02_18.30.20,77.895378,29.863778,JIO4G,4G,-87,3,228,
2025.04.02_18.30.25,77.895378,29.863778,JIO4G,4G,-84,3,228,
2025.04.02_18.30.28,77.895388,29.863871,JIO4G,4G,-86,4,226,
2025.04.02_18.30.36,77.8954,29.863968,JIO4G,4G,-88,4,225,
2025.04.02_18.30.47,77.895461,29.864046,JIO4G,4G,-83,4,224,
2025.04.02_18.30.54,77.895578,29.864066,JIO4G,4G,-82,4,224,
2025.04.02_18.31.00,77.895683,29.864075,JIO4G,4G,-83,4,224,
2025.04.02_18.31.09,77.895794,29.864085,JIO4G,4G,-80,3,222,
2025.04.02_18.31.18,77.895905,29.864083,JIO4G,4G,-82,3,223,
2025.04.02_18.31.24,77.896011,29.864088,JIO4G,4G,-82,3,226,
2025.04.02_18.31.32,77.896123,29.8641,JIO4G,4G,-81,4,227,
2025.04.02_18.31.43,77.896238,29.864086,JIO4G,4G,-84,3,231,
2025.04.02_18.31.53,77.896356,29.864095,JIO4G,4G,-84,3,228,
2025.04.02_18.32.02,77.8965,29.864091,JIO4G,4G,-82,3,225,
2025.04.02_18.32.09,77.896608,29.864083,JIO4G,4G,-81,3,226,
2025.04.02_18.32.17,77.89672,29.86406,JIO4G,4G,-82,4,222,
2025.04.02_18.32.30,77.896833,29.864048,JIO4G,4G,-83,4,220,
2025.04.02_18.32.38,77.896911,29.863981,JIO4G,4G,-82,3,219,
2025.04.02_18.32.45,77.89692,29.863886,JIO4G,4G,-79,4,221,
2025.04.02_18.32.52,77.89692,29.863886,JIO4G,4G,-78,4,221,
2025.04.02_18.32.54,77.896923,29.863785,JIO4G,4G,-80,4,221,
2025.04.02_18.32.56,77.896923,29.863785,JIO4G,4G,-84,4,221,
2025.04.02_18.32.58,77.896923,29.863785,JIO4G,4G,-82,4,221,
2025.04.02_18.33.02,77.896925,29.86368,JIO4G,4G,-82,3,222,
2025.04.02_18.33.06,77.896925,29.86368,JIO4G,4G,-81,3,222,
2025.04.02_18.33.08,77.896951,29.863584,JIO4G,4G,-82,3,219,
2025.04.02_18.33.15,77.896935,29.863494,JIO4G,4G,-81,4,219,
2025.04.02_18.33.23,77.896926,29.863401,JIO4G,4G,-79,3,222,
2025.04.02_18.33.32,77.896915,29.863308,JIO4G,4G,-81,3,227,
2025.04.02_18.33.39,77.896883,29.863221,JIO4G,4G,-82,4,226,
2025.04.02_18.33.42,77.896883,29.863221,JIO4G,4G,-77,4,226,
2025.04.02_18.33.45,77.896864,29.863128,JIO4G,4G,-77,3,227,
2025.04.02_18.33.49,77.896864,29.863128,JIO4G,2G,-113,3,227,
2025.04.02_18.33.51,77.896864,29.863128,JIO4G,4G,-74,3,227,
2025.04.02_18.33.52,77.896845,29.863033,JIO4G,4G,-74,3,228,
2025.04.02_18.34.02,77.896825,29.86294,JIO4G,4G,-73,3,231,
2025.04.02_18.34.14,77.896803,29.862843,JIO4G,4G,-72,3,229,
2025.04.02_18.34.24,77.896768,29.86275,JIO4G,4G,-73,3,231,
2025.04.02_18.34.34,77.89674,29.862653,JIO4G,4G,-75,3,236,
2025.04.02_18.34.40,77.896731,29.86256,JIO4G,4G,-82,3,236,
2025.04.02_18.34.41,77.896731,29.86256,JIO4G,4G,-78,3,236,
2025.04.02_18.34.48,77.896745,29.862466,JIO4G,4G,-83,3,236,
2025.04.02_18.34.55,77.896848,29.862433,JIO4G,4G,-83,3,238,
2025.04.02_18.35.01,77.896968,29.862403,JIO4G,4G,-81,3,238,
2025.04.02_18.35.14,77.897081,29.862378,JIO4G,4G,-78,3,222,
2025.04.02_18.35.20,77.897186,29.862355,JIO4G,4G,-78,3,218,
2025.04.02_18.35.30,77.897298,29.862341,JIO4G,4G,-78,3,220,
2025.04.02_18.35.37,77.897404,29.862344,JIO4G,4G,-79,4,222,
2025.04.02_18.35.48,77.897511,29.862331,JIO4G,4G,-76,3,226,
2025.04.02_18.36.08,77.897603,29.862376,JIO4G,4G,-80,1,226,
2025.04.02_18.36.14,77.897723,29.862373,JIO4G,4G,-77,3,223,
2025.04.02_18.36.20,77.897838,29.862388,JIO4G,4G,-75,4,226,
2025.04.02_18.36.29,77.897943,29.862395,JIO4G,4G,-76,4,235,
2025.04.02_18.36.40,77.89804,29.86235,JIO4G,4G,-74,3,241,
2025.04.02_18.36.49,77.898135,29.862308,JIO4G,4G,-74,3,241,
2025.04.02_18.36.56,77.89824,29.862265,JIO4G,4G,-77,4,234,
2025.04.02_18.37.02,77.898346,29.862265,JIO4G,4G,-76,3,231,
2025.04.02_18.37.07,77.898453,29.862291,JIO4G,4G,-76,3,229,
2025.04.02_18.37.17,77.898561,29.862275,JIO4G,4G,-76,3,229,
2025.04.02_18.37.26,77.89867,29.862276,JIO4G,4G,-74,3,229,
2025.04.02_18.37.27,77.89867,29.862276,JIO4G,2G,-113,3,229,
2025.04.02_18.37.29,77.89867,29.862276,JIO4G,4G,-71,3,229,
2025.04.02_18.37.36,77.898785,29.862276,JIO4G,4G,-73,3,232,
2025.04.02_18.37.45,77.898881,29.862311,JIO4G,4G,-72,4,237,
2025.04.02_18.37.52,77.898999,29.862308,JIO4G,4G,-70,4,237,
2025.04.02_18.37.57,77.899103,29.862298,JIO4G,4G,-76,4,236,
2025.04.02_18.38.03,77.89921,29.862311,JIO4G,4G,-80,4,233,
2025.04.02_18.38.12,77.899311,29.862344,JIO4G,4G,-84,4,230,
2025.04.02_18.38.21,77.899311,29.862344,JIO4G,2G,-113,4,230,
2025.04.02_18.38.23,77.899431,29.862361,JIO4G,2G,-113,3,229,
2025.04.02_18.38.24,77.899431,29.862361,JIO4G,4G,-86,3,229,
2025.04.02_18.38.30,77.899536,29.862385,JIO4G,4G,-86,3,233,
2025.04.02_18.38.44,77.899433,29.862368,JIO4G,4G,-72,0,235,
2025.04.02_18.38.51,77.899325,29.862371,JIO4G,4G,-77,3,231,
2025.04.02_18.39.00,77.899216,29.862343,JIO4G,4G,-77,3,228,
2025.04.02_18.39.09,77.899104,29.86231,JIO4G,4G,-66,4,230,
2025.04.02_18.39.17,77.898991,29.862298,JIO4G,4G,-59,4,227,
2025.04.02_18.39.24,77.898879,29.862308,JIO4G,4G,-59,4,224,
2025.04.02_18.39.33,77.898773,29.862299,JIO4G,4G,-64,3,226,
2025.04.02_18.39.42,77.898666,29.862298,JIO4G,4G,-66,3,222,
2025.04.02_18.39.49,77.898561,29.862301,JIO4G,4G,-67,4,220,
2025.04.02_18.39.56,77.898453,29.862308,JIO4G,4G,-74,4,218,
2025.04.02_18.40.03,77.898346,29.862305,JIO4G,4G,-71,4,217,
2025.04.02_18.40.13,77.898238,29.862306,JIO4G,4G,-69,3,218,
2025.04.02_18.40.22,77.898125,29.862313,JIO4G,4G,-70,3,219,
2025.04.02_18.40.31,77.89801,29.862325,JIO4G,4G,-62,0,219,
2025.04.02_18.40.38,77.897905,29.862351,JIO4G,4G,-61,3,222,
2025.04.02_18.40.49,77.897811,29.8624,JIO4G,4G,-74,4,230,
2025.04.02_18.40.57,77.897808,29.862496,JIO4G,4G,-71,4,235,
2025.04.02_18.41.04,77.897826,29.862586,JIO4G,4G,-72,4,234,
2025.04.02_18.41.13,77.89785,29.862683,JIO4G,4G,-73,4,230,
2025.04.02_18.41.20,77.89782,29.86277,JIO4G,4G,-73,4,227,
2025.04.02_18.41.28,77.89782,29.862873,JIO4G,4G,-76,4,227,
2025.04.02_18.41.37,77.897821,29.862978,JIO4G,4G,-76,4,223,
2025.04.02_18.41.46,77.897726,29.863031,JIO4G,4G,-74,4,227,
2025.04.02_18.41.53,77.89762,29.86302,JIO4G,4G,-70,3,229,
2025.04.02_18.42.00,77.89751,29.863028,JIO4G,4G,-65,4,226,
2025.04.02_18.42.08,77.897404,29.863045,JIO4G,4G,-63,3,225,
2025.04.02_18.42.15,77.8973,29.863056,JIO4G,4G,-67,3,225,
2025.04.02_18.42.22,77.8972,29.863031,JIO4G,4G,-75,3,224,
2025.04.02_18.42.30,77.897095,29.863028,JIO4G,4G,-77,3,223,
2025.04.02_18.42.38,77.896976,29.863025,JIO4G,4G,-80,3,224,
2025.04.02_18.42.45,77.896976,29.863025,JIO4G,4G,-80,3,224,
2025.04.02_18.42.46,77.896868,29.863021,JIO4G,4G,-80,3,225,
2025.04.02_18.42.47,77.896868,29.863021,JIO4G,2G,-113,3,225,
2025.04.02_18.42.50,77.896868,29.863021,JIO4G,4G,-79,3,225,
2025.04.02_18.42.58,77.896806,29.863098,JIO4G,4G,-82,0,226,
2025.04.02_18.43.05,77.896786,29.863191,JIO4G,4G,-85,3,228,
2025.04.02_18.43.13,77.89678,29.863293,JIO4G,4G,-84,3,230,
2025.04.02_18.43.21,77.896788,29.863385,JIO4G,4G,-82,3,232,
2025.04.02_18.43.27,77.896821,29.863475,JIO4G,4G,-82,3,236,
2025.04.02_18.43.36,77.896863,29.863565,JIO4G,4G,-78,4,238,
2025.04.02_18.43.45,77.896845,29.863665,JIO4G,4G,-79,4,237,
2025.04.02_18.43.52,77.896873,29.863758,JIO4G,4G,-80,4,231,
2025.04.02_18.43.59,77.896906,29.863848,JIO4G,4G,-81,3,222,
2025.04.02_18.44.08,77.896885,29.863943,JIO4G,4G,-81,3,217,
2025.04.02_18.44.16,77.896921,29.864034,JIO4G,4G,-78,4,220,
2025.04.02_18.44.24,77.897008,29.864096,JIO4G,4G,-84,3,216,
2025.04.02_18.44.32,77.897113,29.864075,JIO4G,4G,-84,3,212,
2025.04.02_18.44.39,77.897215,29.864055,JIO4G,4G,-87,4,214,
2025.04.02_18.44.49,77.897336,29.864068,JIO4G,4G,-86,3,216,
2025.04.02_18.45.00,77.897448,29.864076,JIO4G,4G,-87,3,217,
2025.04.02_18.45.07,77.897555,29.864093,JIO4G,4G,-88,3,214,
2025.04.02_18.45.10,77.897555,29.864093,JIO4G,2G,-113,3,214,
2025.04.02_18.45.13,77.897555,29.864093,JIO4G,4G,-90,3,214,
2025.04.02_18.45.16,77.897665,29.864091,JIO4G,4G,-90,3,216,
2025.04.02_18.45.22,77.897773,29.864066,JIO4G,4G,-92,3,219,
2025.04.02_18.45.32,77.897861,29.864018,JIO4G,4G,-89,4,221,
2025.04.02_18.45.41,77.897893,29.863926,JIO4G,4G,-87,3,218,
2025.04.02_18.45.55,77.897916,29.863835,JIO4G,4G,-87,2,226,
2025.04.02_18.46.09,77.89787,29.863749,JIO4G,4G,-88,2,225,
2025.04.02_18.46.25,77.897886,29.863841,JIO4G,4G,-88,3,215,
2025.04.02_18.46.34,77.897923,29.863935,JIO4G,4G,-89,3,222,
2025.04.02_18.46.41,77.897955,29.864021,JIO4G,4G,-88,4,222,
2025.04.02_18.46.49,77.898065,29.864048,JIO4G,4G,-90,4,221,
2025.04.02_18.46.56,77.898171,29.864086,JIO4G,4G,-89,4,218,
2025.04.02_18.47.03,77.898281,29.864083,JIO4G,4G,-89,4,217,
2025.04.02_18.47.11,77.898395,29.864093,JIO4G,4G,-89,4,217,
2025.04.02_18.47.19,77.898486,29.864153,JIO4G,4G,-91,4,214,
2025.04.02_18.47.24,77.898581,29.864086,JIO4G,4G,-85,4,217,
2025.04.02_18.47.30,77.89862,29.863988,JIO4G,4G,-91,4,217,
2025.04.02_18.47.37,77.898628,29.863886,JIO4G,4G,-91,4,217,
2025.04.02_18.47.44,77.898583,29.863803,JIO4G,4G,-91,4,219,
2025.04.02_18.47.48,77.898485,29.863773,JIO4G,4G,-92,4,221,
2025.04.02_18.47.54,77.898376,29.863786,JIO4G,4G,-95,4,224,
2025.04.02_18.48.01,77.898271,29.863825,JIO4G,4G,-90,4,230,
2025.04.02_18.48.08,77.898161,29.86385,JIO4G,4G,-92,4,230,
2025.04.02_18.48.20,77.89806,29.863771,JIO4G,4G,-89,3,230,
2025.04.02_18.48.29,77.897944,29.863781,JIO4G,4G,-89,4,224,
2025.04.02_18.48.40,77.897944,29.863781,JIO4G,2G,-113,0,224,
2025.04.02_18.48.43,77.897944,29.863781,JIO4G,4G,-88,0,224,
2025.04.02_18.48.43,77.897903,29.86369,JIO4G,4G,-88,3,241,
2025.04.02_18.48.50,77.897918,29.86359,JIO4G,4G,-82,4,240,
2025.04.02_18.48.55,77.89795,29.863496,JIO4G,4G,-81,4,240,
2025.04.02_18.49.00,77.898035,29.863443,JIO4G,4G,-86,4,239,
2025.04.02_18.49.08,77.898145,29.863426,JIO4G,4G,-83,4,236,
2025.04.02_18.49.09,77.898145,29.863426,JIO4G,4G,-79,4,236,
2025.04.02_18.49.17,77.898251,29.863425,JIO4G,4G,-81,4,232,
2025.04.02_18.49.26,77.89836,29.863431,JIO4G,4G,-77,4,229,
2025.04.02_18.49.36,77.898471,29.863438,JIO4G,4G,-77,4,232,
2025.04.02_18.49.40,77.898581,29.86346,JIO4G,4G,-76,4,226,
2025.04.02_18.49.48,77.898675,29.863419,JIO4G,4G,-86,4,223,
2025.04.02_18.49.58,77.898789,29.863391,JIO4G,4G,-97,4,228,
2025.04.02_18.50.05,77.898896,29.863388,JIO4G,4G,-98,4,223,
2025.04.02_18.50.14,77.899011,29.863389,JIO4G,4G,-97,3,227,
2025.04.02_18.50.22,77.899011,29.863389,JIO4G,4G,-102,3,227,
2025.04.02_18.50.22,77.89912,29.863395,JIO4G,4G,-102,3,225,
2025.04.02_18.50.25,77.89912,29.863395,JIO4G,4G,-98,3,225,
2025.04.02_18.50.32,77.899201,29.863338,JIO4G,4G,-100,4,226,
2025.04.02_18.50.50,77.899201,29.863338,JIO4G,2G,-113,0,226,
2025.04.02_18.50.52,77.899201,29.863338,JIO4G,4G,-97,0,226,
2025.04.02_18.50.54,77.89934,29.863338,JIO4G,4G,-94,0,222,
2025.04.02_18.51.16,77.899221,29.863338,JIO4G,4G,-97,0,227,
2025.04.02_18.51.21,77.899089,29.863343,JIO4G,4G,-95,3,229,
2025.04.02_18.51.27,77.898976,29.863323,JIO4G,4G,-90,3,227,
2025.04.02_18.51.33,77.898858,29.863353,JIO4G,4G,-92,4,232,
2025.04.02_18.51.44,77.898758,29.863381,JIO4G,4G,-85,4,226,
2025.04.02_18.51.52,77.898651,29.863391,JIO4G,4G,-82,4,220,
2025.04.02_18.51.58,77.898546,29.86341,JIO4G,4G,-71,4,217,
2025.04.02_18.52.09,77.898503,29.863314,JIO4G,4G,-63,3,220,
2025.04.02_18.52.16,77.898485,29.863225,JIO4G,4G,-65,3,225,
2025.04.02_18.52.26,77.89848,29.863126,JIO4G,4G,-78,4,222,
2025.04.02_18.52.34,77.898443,29.863016,JIO4G,4G,-88,4,227,
2025.04.02_18.52.39,77.898358,29.862935,JIO4G,4G,-83,4,233,
2025.04.02_18.52.48,77.898255,29.862958,JIO4G,4G,-77,4,230,
2025.04.02_18.52.55,77.898141,29.862985,JIO4G,4G,-76,3,233,
2025.04.02_18.53.07,77.89803,29.86297,JIO4G,4G,-80,4,231,
2025.04.02_18.53.10,77.89803,29.86297,JIO4G,4G,-80,4,231,
2025.04.02_18.53.12,77.89803,29.86297,JIO4G,4G,-76,4,231,
2025.04.02_18.53.17,77.89792,29.862986,JIO4G,4G,-79,3,224,
2025.04.02_18.53.21,77.897875,29.863076,JIO4G,4G,-80,3,228,
2025.04.02_18.53.29,77.89782,29.863158,JIO4G,4G,-80,3,229,
2025.04.02_18.53.37,77.897873,29.863255,JIO4G,4G,-87,2,229,
2025.04.02_18.53.46,77.897888,29.863346,JIO4G,4G,-87,3,229,
2025.04.02_18.54.12,77.897961,29.863271,JIO4G,4G,-81,3,234,
2025.04.02_18.54.21,77.897913,29.863191,JIO4G,4G,-81,4,233,
2025.04.02_18.54.29,77.897925,29.863101,JIO4G,4G,-76,3,234,
2025.04.02_18.54.37,77.897918,29.863001,JIO4G,4G,-80,4,233,
2025.04.02_18.54.48,77.89789,29.862908,JIO4G,4G,-74,3,234,
2025.04.02_18.54.54,77.897888,29.862803,JIO4G,4G,-74,4,237,
2025.04.02_18.55.00,77.897876,29.862701,JIO4G,4G,-75,4,240,
2025.04.02_18.55.07,77.897863,29.862611,JIO4G,4G,-74,3,246,
2025.04.02_18.55.11,77.897863,29.862611,JIO4G,2G,-113,3,246,
2025.04.02_18.55.13,77.897975,29.862605,JIO4G,2G,-113,3,252,
2025.04.02_18.55.14,77.897975,29.862605,JIO4G,4G,-74,3,252,
2025.04.02_18.55.32,77.898063,29.862653,JIO4G,4G,-75,0,255,
2025.04.02_18.55.40,77.897961,29.86268,JIO4G,4G,-70,2,253,
2025.04.02_18.55.47,77.897856,29.862731,JIO4G,4G,-74,4,249,
2025.04.02_18.55.56,77.897806,29.862826,JIO4G,4G,-77,4,246,
2025.04.02_18.56.02,77.897865,29.862941,JIO4G,4G,-80,4,243,
2025.04.02_18.56.09,77.897931,29.86303,JIO4G,4G,-79,4,230,
2025.04.02_18.56.17,77.898038,29.863004,JIO4G,4G,-82,4,227,
2025.04.02_18.56.25,77.898161,29.862978,JIO4G,4G,-82,4,227,
2025.04.02_18.56.35,77.898265,29.862948,JIO4G,4G,-86,4,226,
2025.04.02_18.56.44,77.898376,29.862956,JIO4G,4G,-86,3,235,
2025.04.02_18.56.54,77.89848,29.862996,JIO4G,4G,-94,3,236,
2025.04.02_18.57.01,77.898598,29.862988,JIO4G,4G,-91,4,233,
2025.04.02_18.57.09,77.898713,29.862958,JIO4G,4G,-94,4,229,
2025.04.02_18.57.14,77.898818,29.862933,JIO4G,4G,-92,4,229,
2025.04.02_18.57.23,77.898935,29.862933,JIO4G,4G,-94,3,233,
2025.04.02_18.57.31,77.899036,29.862911,JIO4G,4G,-85,4,233,
2025.04.02_18.57.38,77.89914,29.862921,JIO4G,4G,-94,4,232,
2025.04.02_18.57.45,77.899251,29.862914,JIO4G,4G,-88,4,232,
2025.04.02_18.57.55,77.899358,29.862936,JIO4G,4G,-96,4,232,
2025.04.02_18.58.03,77.89947,29.862935,JIO4G,4G,-91,3,234,
2025.04.02_18.58.13,77.899575,29.862913,JIO4G,4G,-94,3,235,
2025.04.02_18.58.21,77.899686,29.862906,JIO4G,4G,-97,3,231,
2025.04.02_18.58.29,77.899805,29.862885,JIO4G,4G,-97,3,229,
2025.04.02_18.58.39,77.899915,29.862868,JIO4G,4G,-97,3,223,
2025.04.02_18.58.50,77.899923,29.862773,JIO4G,4G,-89,3,221,
2025.04.02_18.58.57,77.899931,29.862683,JIO4G,4G,-87,3,223,
2025.04.02_18.59.04,77.899913,29.86259,JIO4G,4G,-82,3,225,
2025.04.02_18.59.12,77.899925,29.862498,JIO4G,4G,-81,3,232,
2025.04.02_18.59.22,77.899918,29.862405,JIO4G,4G,-89,3,243,
2025.04.02_18.59.29,77.899918,29.862305,JIO4G,4G,-79,3,247,
2025.04.02_18.59.35,77.899946,29.862203,JIO4G,4G,-90,3,246,
2025.04.02_18.59.36,77.899946,29.862203,JIO4G,2G,-113,3,246,
2025.04.02_18.59.38,77.899946,29.862203,JIO4G,4G,-93,3,246,
2025.04.02_18.59.41,77.90006,29.86218,JIO4G,4G,-93,3,245,
2025.04.02_19.04.46,77.900161,29.862113,JIO4G,4G,-95,0,225,
2025.04.02_19.04.46,77.90013,29.862121,JIO4G,4G,-95,1,226,
2025.04.02_19.04.58,77.900068,29.862194,JIO4G,4G,-86,3,226,
2025.04.02_19.05.08,77.900031,29.862281,JIO4G,4G,-79,3,227,
2025.04.02_19.05.17,77.900013,29.862378,JIO4G,4G,-80,3,228,
2025.04.02_19.05.26,77.900036,29.862471,JIO4G,4G,-78,3,229,
2025.04.02_19.05.35,77.900016,29.862569,JIO4G,4G,-87,3,229,
2025.04.02_19.05.44,77.900026,29.862666,JIO4G,4G,-96,3,230,
2025.04.02_19.05.51,77.900026,29.862666,JIO4G,4G,-97,3,230,
2025.04.02_19.05.53,77.900026,29.862666,JIO4G,4G,-92,3,230,
2025.04.02_19.05.55,77.900061,29.862755,JIO4G,4G,-95,3,231,
2025.04.02_19.06.06,77.900098,29.862853,JIO4G,4G,-99,3,232,
2025.04.02_19.06.14,77.900124,29.862946,JIO4G,4G,-102,3,232,
2025.04.02_19.06.22,77.90014,29.863045,JIO4G,4G,-100,3,232,
2025.04.02_19.06.31,77.900158,29.863135,JIO4G,4G,-100,2,231,
2025.04.02_19.06.35,77.900126,29.863223,JIO4G,4G,-99,2,230,
2025.04.02_19.06.41,77.900105,29.863313,JIO4G,4G,-98,2,225,
2025.04.02_19.06.48,77.900106,29.86341,JIO4G,4G,-101,3,220,
2025.04.02_19.06.51,77.900106,29.86341,JIO4G,4G,-97,3,220,
2025.04.02_19.06.55,77.900113,29.863509,JIO4G,4G,-96,4,217,
2025.04.02_19.07.05,77.900124,29.863605,JIO4G,4G,-98,3,218,
2025.04.02_19.07.15,77.90016,29.863698,JIO4G,4G,-98,3,222,
2025.04.02_19.07.24,77.900146,29.863798,JIO4G,4G,-97,3,221,
2025.04.02_19.07.32,77.90016,29.863888,JIO4G,4G,-101,3,219,
2025.04.02_19.07.41,77.900143,29.863983,JIO4G,4G,-98,3,217,
2025.04.02_19.07.49,77.900103,29.864066,JIO4G,4G,-96,3,217,
2025.04.02_19.07.58,77.900036,29.864141,JIO4G,4G,-96,3,219,
2025.04.02_19.08.06,77.899958,29.86422,JIO4G,4G,-98,3,220,
2025.04.02_19.08.12,77.899868,29.864273,JIO4G,4G,-97,3,221,
2025.04.02_19.08.21,77.899771,29.864238,JIO4G,4G,-92,3,222,
2025.04.02_19.08.31,77.899695,29.864153,JIO4G,4G,-96,3,223,
2025.04.02_19.08.38,77.899593,29.864106,JIO4G,4G,-93,4,223,
2025.04.02_19.08.50,77.899486,29.864076,JIO4G,4G,-92,3,219,
2025.04.02_19.08.57,77.899373,29.864048,JIO4G,4G,-91,4,221,
2025.04.02_19.09.06,77.899268,29.864033,JIO4G,4G,-91,3,218,
2025.04.02_19.09.14,77.899163,29.864026,JIO4G,4G,-95,4,222,
2025.04.02_19.09.21,77.899051,29.864015,JIO4G,4G,-96,4,225,
2025.04.02_19.09.29,77.89894,29.864006,JIO4G,4G,-96,3,224,
2025.04.02_19.09.37,77.89883,29.864011,JIO4G,4G,-95,3,224,
2025.04.02_19.09.46,77.898723,29.863998,JIO4G,4G,-93,3,227,
2025.04.02_19.09.53,77.898615,29.864011,JIO4G,4G,-90,3,228,
2025.04.02_19.10.03,77.89851,29.863993,JIO4G,4G,-91,3,227,
2025.04.02_19.10.10,77.898406,29.86404,JIO4G,4G,-91,3,226,
2025.04.02_19.10.17,77.898298,29.864034,JIO4G,4G,-91,3,225,
2025.04.02_19.10.26,77.898186,29.864023,JIO4G,4G,-86,3,225,
2025.04.02_19.10.33,77.898081,29.864025,JIO4G,4G,-89,3,224,
2025.04.02_19.10.40,77.897975,29.864018,JIO4G,4G,-88,3,225,
2025.04.02_19.10.47,77.897868,29.86398,JIO4G,4G,-91,4,230,
2025.04.02_19.10.57,77.89776,29.864001,JIO4G,4G,-90,4,231,
2025.04.02_19.11.05,77.897646,29.864026,JIO4G,4G,-87,3,225,
2025.04.02_19.11.13,77.897541,29.864038,JIO4G,4G,-86,4,223,
2025.04.02_19.11.23,77.897435,29.864038,JIO4G,4G,-86,3,222,
2025.04.02_19.11.30,77.897321,29.864023,JIO4G,4G,-86,3,226,
2025.04.02_19.11.36,77.89721,29.864033,JIO4G,4G,-85,4,225,
2025.04.02_19.11.44,77.897093,29.864033,JIO4G,4G,-84,3,226,
2025.04.02_19.11.51,77.896983,29.864019,JIO4G,4G,-86,4,228,
2025.04.02_19.11.58,77.896876,29.864006,JIO4G,4G,-83,3,230,
2025.04.02_19.12.09,77.896761,29.864031,JIO4G,4G,-83,4,234,
2025.04.02_19.12.17,77.896641,29.864033,JIO4G,4G,-84,5,238,
2025.04.02_19.12.24,77.896533,29.864026,JIO4G,4G,-82,4,239,
2025.04.02_19.12.32,77.89642,29.864028,JIO4G,4G,-82,4,238,
2025.04.02_19.12.38,77.896301,29.864013,JIO4G,4G,-84,4,241,
2025.04.02_19.12.44,77.8962,29.864036,JIO4G,4G,-83,4,237,
2025.04.02_19.12.51,77.896091,29.864068,JIO4G,4G,-81,4,233,
2025.04.02_19.13.02,77.895974,29.864064,JIO4G,4G,-82,3,230,
2025.04.02_19.13.08,77.895858,29.864063,JIO4G,4G,-84,3,230,
2025.04.02_19.13.14,77.895743,29.86407,JIO4G,4G,-84,4,230,
2025.04.02_19.13.22,77.895636,29.864061,JIO4G,4G,-86,4,231,
2025.04.02_19.13.28,77.895521,29.864063,JIO4G,4G,-85,4,227,
2025.04.02_19.13.35,77.895415,29.864026,JIO4G,4G,-88,4,226,
2025.04.02_19.13.45,77.895391,29.863928,JIO4G,4G,-87,3,225,
2025.04.02_19.13.53,77.895443,29.863848,JIO4G,4G,-89,2,224,
2025.04.02_19.13.58,77.895443,29.863848,JIO4G,4G,-86,2,224,
2025.04.02_19.14.03,77.895455,29.863755,JIO4G,4G,-85,3,229,
2025.04.02_19.14.10,77.895483,29.863633,JIO4G,4G,-84,3,229,
2025.04.02_19.14.20,77.895385,29.863568,JIO4G,4G,-85,0,235,
2025.04.02_19.14.35,77.895416,29.863478,JIO4G,4G,-94,0,243,
2025.04.02_19.14.40,77.895545,29.863508,JIO4G,4G,-100,0,246,
2025.04.02_19.14.46,77.89559,29.863591,JIO4G,4G,-97,0,247,
2025.04.02_19.15.14,77.89559,29.863591,JIO4G,4G,-102,0,247,
2025.04.02_19.15.22,77.89559,29.863591,JIO4G,4G,-91,0,247,
2025.04.02_19.15.26,77.89559,29.863591,JIO4G,4G,-102,0,247,
2025.04.02_19.15.31,77.89559,29.863591,JIO4G,4G,-101,0,247,
2025.04.02_19.15.57,77.895395,29.863415,JIO4G,4G,-86,0,232,
2025.04.02_19.16.00,77.895395,29.863415,JIO4G,2G,-113,0,232,
2025.04.02_19.16.02,77.895395,29.863415,JIO4G,4G,-92,0,232,
2025.04.02_19.16.03,77.89531,29.863475,JIO4G,4G,-92,2,225,
2025.04.02_19.16.31,77.89535,29.863561,JIO4G,4G,-89,3,229,
2025.04.02_19.16.40,77.895298,29.863646,JIO4G,4G,-86,3,229,
2025.04.02_19.16.47,77.895334,29.863733,JIO4G,4G,-86,4,225,
2025.04.02_19.16.59,77.895296,29.863818,JIO4G,4G,-94,3,222,
2025.04.02_19.17.01,77.895296,29.863818,JIO4G,4G,-88,3,222,
2025.04.02_19.17.06,77.895306,29.863908,JIO4G,4G,-87,4,222,
2025.04.02_19.17.08,77.895306,29.863908,JIO4G,2G,-113,4,222,
2025.04.02_19.17.11,77.895306,29.863908,JIO4G,4G,-87,4,222,
2025.04.02_19.17.16,77.895246,29.863983,JIO4G,4G,-87,4,224,
2025.04.02_19.17.55,77.895206,29.864073,JIO4G,4G,-84,0,227,
2025.04.02_19.18.02,77.89527,29.864158,JIO4G,4G,-84,0,228,
2025.04.02_19.18.07,77.895381,29.864178,JIO4G,4G,-87,6,229,
2025.04.02_19.18.12,77.895508,29.864151,JIO4G,4G,-84,8,231,
2025.04.02_19.18.15,77.895614,29.864126,JIO4G,4G,-84,8,231,
2025.04.02_19.18.19,77.895738,29.864121,JIO4G,4G,-80,9,232,
2025.04.02_19.18.23,77.895865,29.864109,JIO4G,4G,-80,10,236,
2025.04.02_19.18.27,77.895995,29.864091,JIO4G,4G,-79,10,240,
2025.04.02_19.18.30,77.896098,29.864063,JIO4G,4G,-76,10,244,
2025.04.02_19.18.33,77.896211,29.864034,JIO4G,4G,-80,9,247,
2025.04.02_19.18.36,77.89632,29.864005,JIO4G,4G,-82,9,250,
2025.04.02_19.18.40,77.896458,29.864006,JIO4G,4G,-77,8,252,
2025.04.02_19.18.43,77.896596,29.864028,JIO4G,4G,-82,10,252,
2025.04.02_19.18.46,77.896736,29.864028,JIO4G,4G,-81,12,250,
2025.04.02_19.18.49,77.896895,29.86403,JIO4G,4G,-84,14,247,
2025.04.02_19.18.51,77.897005,29.864026,JIO4G,4G,-80,15,247,
2025.04.02_19.18.54,77.897161,29.864033,JIO4G,4G,-84,15,245,
2025.04.02_19.18.57,77.897291,29.864045,JIO4G,4G,-83,15,245,
2025.04.02_19.19.00,77.897416,29.864048,JIO4G,4G,-83,15,242,
2025.04.02_19.19.03,77.897525,29.864041,JIO4G,4G,-86,13,242,
2025.04.02_19.19.07,77.897655,29.864041,JIO4G,4G,-87,12,244,
2025.04.02_19.19.10,77.897801,29.864034,JIO4G,4G,-87,12,246,
2025.04.02_19.19.13,77.897938,29.864045,JIO4G,4G,-87,13,245,
2025.04.02_19.19.16,77.89806,29.864048,JIO4G,4G,-85,14,246,
2025.04.02_19.19.19,77.898183,29.864053,JIO4G,4G,-89,14,246,
2025.04.02_19.19.23,77.898316,29.864041,JIO4G,4G,-88,13,243,
2025.04.02_19.19.26,77.898448,29.86403,JIO4G,4G,-89,13,242,
2025.04.02_19.19.29,77.898586,29.864018,JIO4G,4G,-85,12,242,
2025.04.02_19.19.32,77.89872,29.864038,JIO4G,4G,-91,12,238,
2025.04.02_19.19.35,77.898836,29.86405,JIO4G,4G,-94,12,234,
2025.04.02_19.19.39,77.898983,29.864025,JIO4G,4G,-92,12,236,
2025.04.02_19.19.42,77.899085,29.863986,JIO4G,4G,-93,12,238,
2025.04.02_19.19.46,77.899224,29.863963,JIO4G,4G,-95,12,244,
2025.04.02_19.19.49,77.899358,29.863986,JIO4G,4G,-92,12,248,
2025.04.02_19.19.52,77.89947,29.864021,JIO4G,4G,-93,11,249,
2025.04.02_19.19.54,77.89957,29.864055,JIO4G,4G,-92,11,249,
2025.04.02_19.19.57,77.899688,29.864079,JIO4G,4G,-94,11,248,
2025.04.02_19.20.00,77.899775,29.864158,JIO4G,4G,-92,10,245,
2025.04.02_19.20.05,77.899858,29.864221,JIO4G,4G,-93,6,239,
2025.04.02_19.20.45,77.89984,29.864328,JIO4G,4G,-96,0,221,
2025.04.02_19.20.50,77.899938,29.864386,JIO4G,4G,-97,0,220,
2025.04.02_19.20.54,77.900068,29.864415,JIO4G,4G,-95,0,222,
2025.04.02_19.20.57,77.900169,29.864463,JIO4G,4G,-98,10,224,
2025.04.02_19.21.01,77.900268,29.864495,JIO4G,4G,-94,11,227,
2025.04.02_19.21.06,77.900375,29.86445,JIO4G,4G,-104,10,229,
2025.04.02_19.21.10,77.900448,29.864353,JIO4G,4G,-107,10,233,
2025.04.02_19.21.14,77.900545,29.864285,JIO4G,4G,-108,10,235,
2025.04.02_19.21.17,77.900613,29.864214,JIO4G,4G,-109,11,235,
2025.04.02_19.21.20,77.900686,29.864136,JIO4G,4G,-105,11,235,
2025.04.02_19.21.23,77.900743,29.86406,JIO4G,4G,-100,11,234,
2025.04.02_19.21.26,77.900766,29.863955,JIO4G,4G,-96,11,232,
2025.04.02_19.21.30,77.900799,29.863846,JIO4G,4G,-97,10,233,
2025.04.02_19.21.33,77.900848,29.863758,JIO4G,4G,-99,10,235,
2025.04.02_19.21.36,77.900926,29.863688,JIO4G,4G,-103,11,235,
2025.04.02_19.21.39,77.900993,29.86361,JIO4G,4G,-100,11,235,
2025.04.02_19.21.40,77.900993,29.86361,JIO4G,4G,-98,11,235,
2025.04.02_19.21.43,77.901063,29.863515,JIO4G,4G,-105,12,235,
2025.04.02_19.21.45,77.901063,29.863515,JIO4G,4G,-111,12,235,
2025.04.02_19.21.48,77.901145,29.863441,JIO4G,4G,-111,10,234,
2025.04.02_19.22.03,77.901098,29.863536,JIO4G,4G,-112,4,248,
2025.04.02_19.22.06,77.901045,29.863621,JIO4G,4G,-113,6,252,
2025.04.02_19.22.13,77.900961,29.863701,JIO4G,4G,-109,8,251,
2025.04.02_19.22.21,77.900868,29.863641,JIO4G,4G,-102,7,244,
2025.04.02_19.22.26,77.900821,29.863535,JIO4G,4G,-105,8,239,
2025.04.02_19.22.29,77.900735,29.863453,JIO4G,4G,-104,10,238,
2025.04.02_19.22.32,77.900645,29.863406,JIO4G,4G,-105,12,236,
2025.04.02_19.22.36,77.900548,29.863356,JIO4G,4G,-103,12,235,
2025.04.02_19.22.40,77.900548,29.863356,JIO4G,4G,-101,12,235,
2025.04.02_19.22.47,77.900678,29.863418,JIO4G,4G,-107,8,234,
2025.04.02_19.22.50,77.90074,29.863496,JIO4G,4G,-103,9,236,
2025.04.02_19.23.08,77.900693,29.863605,JIO4G,4G,-96,1,235,
2025.04.02_19.23.13,77.900711,29.863701,JIO4G,4G,-97,3,233,
2025.04.02_19.23.21,77.900783,29.863603,JIO4G,4G,-97,2,231,
2025.04.02_19.23.26,77.900841,29.86352,JIO4G,4G,-96,1,228,
2025.04.02_19.23.46,77.900876,29.863434,JIO4G,4G,-102,0,232,
2025.04.21_18.03.20,77.896466,29.862008,JIO4G,4G,-78,0,252,
2025.04.21_18.03.31,77.896471,29.861916,JIO4G,4G,-79,1,247,
2025.04.21_18.03.41,77.896471,29.861916,JIO4G,4G,-78,1,247,
2025.04.21_18.03.46,77.896471,29.861916,JIO4G,4G,-83,0,247,
2025.04.21_18.04.17,77.896408,29.861998,JIO4G,4G,-81,0,245,
2025.04.21_18.04.20,77.896281,29.862,JIO4G,4G,-81,0,243,
2025.04.21_18.04.24,77.896168,29.862025,JIO4G,4G,-77,11,241,
2025.04.21_18.04.27,77.896068,29.862066,JIO4G,4G,-77,12,242,
2025.04.21_18.04.31,77.895929,29.862051,JIO4G,4G,-77,11,240,
2025.04.21_18.04.34,77.895805,29.862046,JIO4G,4G,-74,11,239,
2025.04.21_18.04.37,77.895676,29.862068,JIO4G,4G,-74,11,237,
2025.04.21_18.04.40,77.895533,29.862113,JIO4G,4G,-76,11,233,
2025.04.21_18.04.43,77.895406,29.862173,JIO4G,4G,-73,12,233,
2025.04.21_18.04.46,77.895308,29.86225,JIO4G,4G,-73,14,233,
2025.04.21_18.04.49,77.895246,29.862358,JIO4G,4G,-73,14,233,
2025.04.21_18.04.51,77.895273,29.862458,JIO4G,4G,-73,14,231,
2025.04.21_18.04.54,77.895299,29.862599,JIO4G,4G,-64,15,232,
2025.04.21_18.04.56,77.89532,29.862716,JIO4G,4G,-64,15,234,
2025.04.21_18.04.58,77.895338,29.862824,JIO4G,4G,-64,16,237,
2025.04.21_18.05.00,77.895341,29.862918,JIO4G,4G,-64,17,239,
2025.04.21_18.05.03,77.895346,29.86301,JIO4G,4G,-77,16,241,
2025.04.21_18.05.07,77.895355,29.863111,JIO4G,4G,-77,13,243,
2025.04.21_18.05.11,77.89543,29.86319,JIO4G,4G,-77,10,239,
2025.04.21_18.05.14,77.895543,29.863183,JIO4G,4G,-75,10,239,
2025.04.21_18.05.18,77.895653,29.863165,JIO4G,4G,-75,11,240,
2025.04.21_18.05.21,77.89581,29.86316,JIO4G,4G,-75,13,240,
2025.04.21_18.05.23,77.895935,29.86315,JIO4G,4G,-75,14,240,
2025.04.21_18.05.25,77.896081,29.863131,JIO4G,4G,-75,17,240,
2025.04.21_18.05.27,77.896218,29.863133,JIO4G,4G,-75,19,239,
2025.04.21_18.05.29,77.896355,29.863131,JIO4G,4G,-75,21,240,
2025.04.21_18.05.31,77.896468,29.863125,JIO4G,4G,-75,21,241,
2025.04.21_18.05.33,77.89659,29.86312,JIO4G,4G,-85,21,242,
2025.04.21_18.05.35,77.896718,29.86311,JIO4G,4G,-80,21,244,
2025.04.21_18.05.37,77.89687,29.863093,JIO4G,4G,-80,20,246,
2025.04.21_18.05.39,77.896995,29.86311,JIO4G,4G,-80,20,245,
2025.04.21_18.05.40,77.896995,29.86311,JIO4G,4G,-77,20,245,
2025.04.21_18.05.42,77.89715,29.863113,JIO4G,4G,-74,19,242,
2025.04.21_18.05.45,77.897295,29.863094,JIO4G,4G,-67,18,241,
2025.04.21_18.05.48,77.897443,29.863086,JIO4G,4G,-64,16,241,
2025.04.21_18.05.50,77.897606,29.863048,JIO4G,4G,-67,17,240,
2025.04.21_18.05.52,77.897698,29.862953,JIO4G,4G,-79,18,240,
2025.04.21_18.05.54,77.89776,29.862846,JIO4G,4G,-74,19,238,
2025.04.21_18.05.56,77.89779,29.862743,JIO4G,4G,-74,20,236,
2025.04.21_18.05.58,77.897798,29.862611,JIO4G,4G,-74,21,235,
2025.04.21_18.06.00,77.89779,29.86249,JIO4G,4G,-74,20,235,
2025.04.21_18.06.02,77.897803,29.862366,JIO4G,4G,-74,20,236,
2025.04.21_18.06.04,77.897851,29.862284,JIO4G,4G,-74,19,239,
2025.04.21_18.06.07,77.898,29.86225,JIO4G,4G,-62,17,240,
2025.04.21_18.06.09,77.898138,29.862243,JIO4G,4G,-62,16,241,
2025.04.21_18.06.11,77.898285,29.862199,JIO4G,4G,-62,15,242,
2025.04.21_18.06.14,77.898425,29.862163,JIO4G,4G,-62,15,243,
2025.04.21_18.06.17,77.898583,29.862153,JIO4G,4G,-72,15,243,
2025.04.21_18.06.20,77.898696,29.862161,JIO4G,4G,-72,13,244,
2025.04.21_18.06.27,77.898798,29.862198,JIO4G,4G,-66,6,248,
2025.04.21_18.06.51,77.898711,29.86225,JIO4G,4G,-72,2,254,
2025.04.21_18.06.55,77.898585,29.862256,JIO4G,4G,-72,0,254,
2025.04.21_18.06.58,77.898453,29.86226,JIO4G,4G,-75,0,252,
2025.04.21_18.07.02,77.898296,29.862291,JIO4G,4G,-75,9,254,
2025.04.21_18.07.05,77.898173,29.862306,JIO4G,4G,-75,9,255,
2025.04.21_18.07.08,77.898093,29.862388,JIO4G,4G,-74,10,255,
2025.04.21_18.07.11,77.898031,29.86249,JIO4G,4G,-74,10,256,
2025.04.21_18.07.14,77.897993,29.86258,JIO4G,4G,-74,10,257,
2025.04.21_18.07.17,77.89798,29.862685,JIO4G,4G,-79,10,259,
2025.04.21_18.07.19,77.897944,29.862775,JIO4G,4G,-80,10,258,
2025.04.21_18.07.22,77.897809,29.862856,JIO4G,4G,-79,11,260,
2025.04.21_18.07.24,77.8977,29.862873,JIO4G,4G,-79,13,260,
2025.04.21_18.07.26,77.897581,29.862908,JIO4G,4G,-79,14,260,
2025.04.21_18.07.28,77.897458,29.86293,JIO4G,4G,-79,14,259,
2025.04.21_18.07.30,77.897351,29.862938,JIO4G,4G,-74,15,259,
2025.04.21_18.07.33,77.8972,29.862946,JIO4G,4G,-74,15,258,
2025.04.21_18.07.35,77.897076,29.862951,JIO4G,4G,-74,16,258,
2025.04.21_18.07.37,77.89696,29.862968,JIO4G,4G,-80,16,258,
2025.04.21_18.07.39,77.89683,29.863004,JIO4G,4G,-81,16,258,
2025.04.21_18.07.42,77.89667,29.863036,JIO4G,4G,-81,17,258,
2025.04.21_18.07.45,77.896523,29.863045,JIO4G,4G,-81,17,258,
2025.04.21_18.07.48,77.896523,29.863045,JIO4G,4G,-83,17,258,
2025.04.21_18.07.48,77.896386,29.863071,JIO4G,4G,-83,16,259,
2025.04.21_18.07.51,77.896245,29.863106,JIO4G,4G,-83,16,261,
2025.04.21_18.07.53,77.896126,29.863118,JIO4G,4G,-83,15,262,
2025.04.21_18.07.55,77.896015,29.863118,JIO4G,4G,-83,16,262,
2025.04.21_18.07.57,77.895878,29.863133,JIO4G,4G,-83,16,259,
2025.04.21_18.07.59,77.895755,29.863158,JIO4G,4G,-89,16,260,
2025.04.21_18.08.02,77.89561,29.863175,JIO4G,4G,-89,16,261,
2025.04.21_18.08.05,77.895488,29.863186,JIO4G,4G,-89,16,261,
2025.04.21_18.08.08,77.89536,29.863195,JIO4G,4G,-89,15,262,
2025.04.21_18.08.09,77.89536,29.863195,JIO4G,4G,-75,15,262,
2025.04.21_18.08.11,77.895288,29.863261,JIO4G,4G,-75,15,263,
2025.04.21_18.08.13,77.895266,29.863351,JIO4G,4G,-75,16,264,
2025.04.21_18.08.15,77.895285,29.863468,JIO4G,4G,-75,17,264,
2025.04.21_18.08.17,77.895306,29.863583,JIO4G,4G,-75,18,264,
2025.04.21_18.08.19,77.895331,29.863708,JIO4G,4G,-84,19,262,
2025.04.21_18.08.21,77.895343,29.863828,JIO4G,4G,-84,20,262,
2025.04.21_18.08.23,77.89535,29.863948,JIO4G,4G,-84,21,263,
2025.04.21_18.08.25,77.89536,29.864048,JIO4G,4G,-84,21,264,
2025.04.21_18.08.26,77.89536,29.864048,JIO4G,4G,-84,21,264,
2025.04.21_18.08.27,77.895338,29.864138,JIO4G,4G,-84,20,263,
2025.04.21_18.08.30,77.895375,29.864246,JIO4G,4G,-85,18,263,
2025.04.21_18.08.33,77.895513,29.864223,JIO4G,4G,-86,16,263,
2025.04.21_18.08.35,77.895656,29.864191,JIO4G,4G,-86,16,263,
2025.04.21_18.08.37,77.895783,29.864173,JIO4G,4G,-86,15,263,
2025.04.21_18.08.39,77.895896,29.864158,JIO4G,4G,-86,16,263,
2025.04.21_18.08.41,77.896006,29.864148,JIO4G,4G,-75,17,262,
2025.04.21_18.08.43,77.896136,29.864124,JIO4G,4G,-75,19,260,
2025.04.21_18.08.45,77.896266,29.864111,JIO4G,4G,-75,19,260,
2025.04.21_18.08.47,77.896405,29.864103,JIO4G,4G,-75,20,259,
2025.04.21_18.08.49,77.896528,29.864103,JIO4G,4G,-75,20,259,
2025.04.21_18.08.51,77.896661,29.864095,JIO4G,4G,-76,20,256,
2025.04.21_18.08.54,77.896796,29.864086,JIO4G,4G,-76,19,256,
2025.04.21_18.08.57,77.896848,29.864008,JIO4G,4G,-76,17,258,
2025.04.21_18.08.59,77.896858,29.863913,JIO4G,4G,-76,16,258,
2025.04.21_18.09.01,77.896875,29.863808,JIO4G,4G,-76,16,257,
2025.04.21_18.09.04,77.896873,29.863678,JIO4G,4G,-83,16,257,
2025.04.21_18.09.06,77.896864,29.863588,JIO4G,4G,-83,16,257,
2025.04.21_18.09.08,77.896853,29.863491,JIO4G,4G,-83,17,257,
2025.04.21_18.09.11,77.896848,29.863366,JIO4G,4G,-83,16,256,
2025.04.21_18.09.13,77.89685,29.863274,JIO4G,4G,-84,16,254,
2025.04.21_18.09.16,77.89689,29.863176,JIO4G,4G,-84,14,253,
2025.04.21_18.09.19,77.896888,29.863071,JIO4G,4G,-84,13,253,
2025.04.21_18.09.22,77.896855,29.86298,JIO4G,4G,-80,12,252,
2025.04.21_18.09.25,77.896781,29.862913,JIO4G,4G,-80,0,251,
2025.04.21_18.09.28,77.896736,29.862826,JIO4G,4G,-80,11,250,
2025.04.21_18.09.32,77.896716,29.862725,JIO4G,4G,-80,10,250,
2025.04.21_18.09.35,77.896721,29.862606,JIO4G,4G,-80,10,250,
2025.04.21_18.09.38,77.896725,29.862488,JIO4G,4G,-80,11,249,
2025.04.21_18.09.41,77.896706,29.862379,JIO4G,4G,-86,11,249,
2025.04.21_18.09.42,77.896706,29.862379,JIO4G,2G,-113,11,249,
2025.04.21_18.09.46,77.896621,29.862313,JIO4G,2G,-113,10,259,
2025.04.21_18.09.49,77.896568,29.862208,JIO4G,2G,-113,9,261,
2025.04.21_18.09.53,77.896568,29.862208,JIO4G,4G,-82,9,261,
2025.04.21_18.10.01,77.896588,29.862306,JIO4G,4G,-82,6,270,
2025.04.21_18.10.05,77.896611,29.862411,JIO4G,4G,-87,8,271,
2025.04.21_18.10.09,77.89662,29.862526,JIO4G,4G,-87,10,272,
2025.04.21_18.10.13,77.89662,29.862526,JIO4G,4G,-81,10,272,
2025.04.21_18.10.13,77.896638,29.862628,JIO4G,4G,-81,11,272,
2025.04.21_18.10.16,77.89671,29.862695,JIO4G,4G,-81,10,271,
2025.04.21_18.10.19,77.896778,29.862815,JIO4G,4G,-81,9,269,
2025.04.21_18.10.22,77.896826,29.86295,JIO4G,4G,-85,10,266,
2025.04.21_18.10.23,77.896826,29.86295,JIO4G,4G,-80,10,266,
2025.04.21_18.10.25,77.896891,29.86307,JIO4G,4G,-80,11,265,
2025.04.21_18.10.27,77.896943,29.863166,JIO4G,4G,-80,12,264,
2025.04.21_18.10.30,77.89695,29.863305,JIO4G,4G,-80,13,262,
2025.04.21_18.10.32,77.896941,29.863396,JIO4G,4G,-80,14,262,
2025.04.21_18.10.35,77.896931,29.863528,JIO4G,4G,-89,14,263,
2025.04.21_18.10.38,77.8969,29.863653,JIO4G,4G,-89,14,263,
2025.04.21_18.10.40,77.89685,29.863748,JIO4G,4G,-83,14,262,
2025.04.21_18.10.43,77.89685,29.863748,JIO4G,4G,-85,14,262,
2025.04.21_18.10.43,77.896855,29.86386,JIO4G,4G,-85,14,262,
2025.04.21_18.10.46,77.896908,29.863956,JIO4G,4G,-85,14,260,
2025.04.21_18.10.51,77.896896,29.864046,JIO4G,4G,-85,10,259,
2025.04.21_18.11.00,77.897013,29.864103,JIO4G,4G,-86,4,257,
2025.04.21_18.11.03,77.897153,29.864126,JIO4G,4G,-88,7,257,
2025.04.21_18.11.06,77.897256,29.864135,JIO4G,4G,-89,9,255,
2025.04.21_18.11.09,77.897256,29.864135,JIO4G,4G,-87,9,255,
2025.04.21_18.11.10,77.897386,29.864143,JIO4G,4G,-87,11,255,
2025.04.21_18.11.14,77.897386,29.864143,JIO4G,4G,-85,11,255,
2025.04.21_18.11.14,77.89752,29.86415,JIO4G,4G,-85,11,252,
2025.04.21_18.11.18,77.897655,29.86415,JIO4G,4G,-85,11,251,
2025.04.21_18.11.21,77.897758,29.864143,JIO4G,4G,-85,11,249,
2025.04.21_18.11.24,77.89786,29.864088,JIO4G,4G,-89,11,248,
2025.04.21_18.11.27,77.897925,29.863974,JIO4G,4G,-89,12,246,
2025.04.21_18.11.30,77.897943,29.863861,JIO4G,4G,-89,13,245,
2025.04.21_18.11.33,77.897935,29.863756,JIO4G,4G,-89,14,247,
2025.04.21_18.11.35,77.89793,29.863661,JIO4G,4G,-91,14,248,
2025.04.21_18.11.38,77.89793,29.863661,JIO4G,4G,-88,14,248,
2025.04.21_18.11.38,77.897941,29.863526,JIO4G,4G,-88,14,249,
2025.04.21_18.11.40,77.897921,29.863434,JIO4G,4G,-88,14,250,
2025.04.21_18.11.43,77.897905,29.863313,JIO4G,4G,-88,15,248,
2025.04.21_18.11.46,77.897895,29.863218,JIO4G,4G,-83,15,247,
2025.04.21_18.11.49,77.897921,29.863118,JIO4G,4G,-83,14,249,
2025.04.21_18.11.54,77.898025,29.863108,JIO4G,4G,-80,11,246,
2025.04.21_18.11.58,77.898128,29.863153,JIO4G,4G,-80,10,246,
2025.04.21_18.12.01,77.89824,29.863118,JIO4G,4G,-80,10,247,
2025.04.21_18.12.04,77.89835,29.863083,JIO4G,4G,-89,11,247,
2025.04.21_18.12.07,77.898466,29.863051,JIO4G,4G,-89,12,247,
2025.04.21_18.12.10,77.898594,29.863025,JIO4G,4G,-89,13,246,
2025.04.21_18.12.13,77.898729,29.863001,JIO4G,4G,-89,14,246,
2025.04.21_18.12.15,77.898836,29.862973,JIO4G,4G,-92,14,245,
2025.04.21_18.12.17,77.898946,29.862946,JIO4G,4G,-92,14,243,
2025.04.21_18.12.20,77.899096,29.862921,JIO4G,4G,-92,14,239,
2025.04.21_18.12.23,77.899246,29.862908,JIO4G,4G,-92,14,237,
2025.04.21_18.12.25,77.899359,29.862901,JIO4G,4G,-95,15,238,
2025.04.21_18.12.27,77.899494,29.86288,JIO4G,4G,-95,16,237,
2025.04.21_18.12.29,77.899616,29.862878,JIO4G,4G,-95,17,237,
2025.04.21_18.12.31,77.899745,29.8629,JIO4G,4G,-95,19,237,
2025.04.21_18.12.33,77.899856,29.862905,JIO4G,4G,-95,20,236,
2025.04.21_18.12.36,77.899956,29.862865,JIO4G,4G,-95,18,234,
2025.04.21_18.12.38,77.899971,29.862741,JIO4G,4G,-95,17,233,
2025.04.21_18.12.40,77.899955,29.862648,JIO4G,4G,-95,16,233,
2025.04.21_18.12.43,77.899908,29.86253,JIO4G,4G,-95,15,240,
2025.04.21_18.12.47,77.899869,29.862424,JIO4G,4G,-86,15,246,
2025.04.21_18.12.50,77.89989,29.862328,JIO4G,4G,-86,13,249,
2025.04.21_18.12.54,77.899995,29.862293,JIO4G,4G,-86,9,248,
2025.04.21_18.13.17,77.9001,29.862275,JIO4G,4G,-94,0,240,
2025.04.21_18.13.45,77.900165,29.862198,JIO4G,4G,-97,0,249,
2025.04.21_18.14.02,77.900186,29.862288,JIO4G,4G,-93,0,251,
2025.04.21_18.15.00,77.900106,29.862221,JIO4G,4G,-94,0,254,
2025.04.21_18.15.56,77.900055,29.862301,JIO4G,4G,-93,0,250,
2025.04.21_18.16.57,77.900161,29.86231,JIO4G,4G,-97,0,239,
2025.04.21_18.17.11,77.900255,29.862351,JIO4G,4G,-96,6,227,
2025.04.21_18.17.21,77.900151,29.86237,JIO4G,4G,-90,2,218,
2025.04.21_18.17.35,77.900131,29.862273,JIO4G,4G,-90,0,222,
2025.04.21_18.17.42,77.900118,29.862181,JIO4G,4G,-94,0,221,
2025.04.21_18.18.09,77.90003,29.862131,JIO4G,4G,-93,0,220,
2025.04.21_18.18.58,77.900156,29.862173,JIO4G,4G,-96,0,220,
2025.04.21_18.19.47,77.899993,29.862111,JIO4G,4G,-99,0,224,
2025.04.21_18.21.37,77.899993,29.862111,JIO4G,4G,-93,0,224,
2025.04.21_18.24.02,77.900116,29.862178,JIO4G,4G,-92,0,223,
2025.04.21_18.27.55,77.900008,29.862148,JIO4G,4G,-93,0,223,
2025.04.21_18.29.11,77.90006,29.862231,JIO4G,4G,-102,0,221,
2025.04.21_18.29.38,77.900141,29.862158,JIO4G,4G,-97,0,215,
2025.04.21_18.29.59,77.900073,29.862081,JIO4G,4G,-94,0,219,
2025.04.21_18.30.07,77.900038,29.861986,JIO4G,4G,-95,0,218,
2025.04.21_18.30.16,77.900005,29.861896,JIO4G,4G,-97,4,218,
2025.04.21_18.30.24,77.899944,29.861815,JIO4G,4G,-97,4,219,
2025.04.21_18.30.36,77.899946,29.861708,JIO4G,4G,-102,0,219,
2025.04.21_18.31.37,77.899946,29.861708,JIO4G,4G,-107,0,219,
2025.04.21_18.35.27,77.899888,29.861261,JIO4G,4G,-114,0,219,
2025.04.21_18.35.32,77.899873,29.861155,JIO4G,4G,-114,0,242,
2025.04.21_18.35.36,77.89988,29.861043,JIO4G,4G,-124,0,257,
2025.04.21_18.35.43,77.899811,29.860898,JIO4G,4G,-124,0,275,
2025.04.21_18.35.45,77.899761,29.860811,JIO4G,4G,-124,0,288,
2025.04.21_18.35.45,77.899761,29.860811,JIO4G,4G,-121,0,288,
2025.04.21_18.36.01,77.899811,29.860723,JIO4G,4G,-118,0,279,
2025.04.21_18.36.15,77.89982,29.860631,JIO4G,4G,-115,3,260,
2025.04.21_18.36.15,77.89982,29.860631,JIO4G,4G,-110,3,260,
2025.04.21_18.36.23,77.89989,29.86056,JIO4G,4G,-110,0,247,
2025.04.21_18.36.34,77.89985,29.860474,JIO4G,4G,-109,2,246,
2025.04.21_18.36.40,77.899746,29.860486,JIO4G,4G,-113,0,242,
2025.04.21_18.36.46,77.899746,29.860486,JIO4G,4G,-121,0,242,
2025.04.21_18.36.49,77.899648,29.860525,JIO4G,4G,-121,0,240,
2025.04.21_18.36.59,77.899543,29.860541,JIO4G,4G,-118,0,238,
2025.04.21_18.37.08,77.899436,29.860573,JIO4G,4G,-118,0,236,
2025.04.21_18.37.19,77.899326,29.860581,JIO4G,4G,-115,3,233,
2025.04.21_18.37.34,77.899291,29.860671,JIO4G,4G,-109,0,233,
2025.04.21_18.37.41,77.899248,29.860756,JIO4G,4G,-105,5,234,
2025.04.21_18.37.47,77.89921,29.86086,JIO4G,4G,-108,5,235,
2025.04.21_18.37.53,77.899223,29.860966,JIO4G,4G,-108,0,235,
2025.04.21_18.37.56,77.899338,29.86095,JIO4G,4G,-108,0,235,
2025.04.21_18.38.07,77.899356,29.861044,JIO4G,4G,-105,0,235,
2025.04.21_18.38.16,77.899376,29.861141,JIO4G,4G,-105,4,233,
2025.04.21_18.38.22,77.899471,29.861191,JIO4G,4G,-102,4,232,
2025.04.21_18.38.30,77.899553,29.861258,JIO4G,4G,-100,3,227,
2025.04.21_18.38.36,77.899584,29.861356,JIO4G,4G,-100,0,224,
2025.04.21_18.38.45,77.899689,29.86138,JIO4G,4G,-96,0,221,
2025.04.21_18.38.55,77.899756,29.861458,JIO4G,4G,-98,0,222,
2025.04.21_18.39.03,77.899823,29.861543,JIO4G,4G,-94,0,223,
2025.04.21_18.39.09,77.899925,29.861611,JIO4G,4G,-99,5,224,
2025.04.21_18.39.23,77.89997,29.861708,JIO4G,4G,-99,0,223,
2025.04.21_18.39.32,77.900018,29.861798,JIO4G,4G,-96,5,222,
2025.04.21_18.39.41,77.900006,29.861903,JIO4G,4G,-97,3,222,
2025.04.21_18.39.46,77.899983,29.861996,JIO4G,4G,-97,4,221,
2025.04.21_18.39.53,77.900015,29.862103,JIO4G,4G,-95,4,223,
2025.04.21_18.40.03,77.900023,29.862203,JIO4G,4G,-93,3,227,
2025.04.21_18.40.13,77.90007,29.862284,JIO4G,4G,-90,4,227,
2025.04.21_18.40.45,77.900161,29.862191,JIO4G,4G,-91,0,226,
2025.04.21_18.40.56,77.900055,29.862163,JIO4G,4G,-92,0,227,
2025.04.21_18.41.05,77.899996,29.862241,JIO4G,4G,-90,0,229,
2025.04.21_18.41.10,77.899998,29.86235,JIO4G,4G,-84,4,231,
2025.04.21_18.41.15,77.899983,29.862451,JIO4G,4G,-84,5,233,
2025.04.21_18.41.28,77.9,29.862548,JIO4G,4G,-87,0,235,
2025.04.21_18.41.36,77.900001,29.862651,JIO4G,4G,-85,4,234,
2025.04.21_18.41.44,77.899898,29.862698,JIO4G,4G,-91,5,233,
2025.04.21_18.41.47,77.899783,29.862711,JIO4G,4G,-91,7,232,
2025.04.21_18.41.50,77.899636,29.86273,JIO4G,4G,-91,10,231,
2025.04.21_18.41.52,77.899515,29.862751,JIO4G,4G,-91,13,230,
2025.04.21_18.41.55,77.899368,29.862748,JIO4G,4G,-91,15,228,
2025.04.21_18.41.58,77.899238,29.862758,JIO4G,4G,-91,15,227,
2025.04.21_18.42.07,77.89912,29.862785,JIO4G,4G,-86,7,229,
2025.04.21_18.42.12,77.899003,29.86277,JIO4G,4G,-88,6,230,
2025.04.21_18.42.18,77.898878,29.86275,JIO4G,4G,-88,7,233,
2025.04.21_18.42.22,77.898766,29.862753,JIO4G,4G,-86,7,234,
2025.04.21_18.42.25,77.898628,29.86276,JIO4G,4G,-86,9,233,
2025.04.21_18.42.28,77.898525,29.862766,JIO4G,4G,-86,9,233,
2025.04.21_18.42.33,77.898405,29.862781,JIO4G,4G,-82,9,234,
2025.04.21_18.42.39,77.898286,29.862775,JIO4G,4G,-82,7,233,
2025.04.21_18.42.42,77.898185,29.862756,JIO4G,4G,-76,8,233,
2025.04.21_18.42.44,77.898066,29.86283,JIO4G,4G,-76,8,233,
2025.04.21_18.42.49,77.897953,29.86282,JIO4G,4G,-76,8,232,
2025.04.21_18.42.54,77.89789,29.862746,JIO4G,4G,-78,5,232,
2025.04.21_18.42.59,77.897845,29.86264,JIO4G,4G,-78,5,232,
2025.04.21_18.43.02,77.897828,29.862546,JIO4G,4G,-76,7,233,
2025.04.21_18.43.05,77.897861,29.862458,JIO4G,4G,-76,8,232,
2025.04.21_18.43.09,77.897965,29.862441,JIO4G,4G,-76,9,232,
2025.04.21_18.43.14,77.898066,29.862373,JIO4G,4G,-67,8,232,
2025.04.21_18.43.17,77.89816,29.862318,JIO4G,4G,-67,7,231,
2025.04.21_18.43.21,77.898271,29.862293,JIO4G,4G,-70,8,231,
2025.04.21_18.43.25,77.898398,29.862296,JIO4G,4G,-78,9,232,
2025.04.21_18.43.29,77.898511,29.862281,JIO4G,4G,-78,9,234,
2025.04.21_18.43.30,77.898511,29.862281,JIO4G,4G,-77,9,234,
2025.04.21_18.43.32,77.898613,29.862308,JIO4G,4G,-77,9,238,
2025.04.21_18.43.36,77.898728,29.862296,JIO4G,4G,-77,9,242,
2025.04.21_18.43.51,77.898598,29.862318,JIO4G,4G,-76,7,238,
2025.04.21_18.43.54,77.898485,29.862336,JIO4G,4G,-76,9,237,
2025.04.21_18.43.59,77.898355,29.862365,JIO4G,4G,-76,10,236,
2025.04.21_18.44.02,77.898241,29.862368,JIO4G,4G,-78,11,236,
2025.04.21_18.44.06,77.898131,29.862386,JIO4G,4G,-78,11,235,
2025.04.21_18.44.10,77.898015,29.862421,JIO4G,4G,-78,9,234,
2025.04.21_18.44.15,77.897911,29.862478,JIO4G,4G,-73,8,233,
2025.04.21_18.44.21,77.897923,29.862571,JIO4G,4G,-73,9,230,
2025.04.21_18.44.24,77.897936,29.862665,JIO4G,4G,-76,9,231,
2025.04.21_18.44.27,77.897948,29.862783,JIO4G,4G,-76,10,234,
2025.04.21_18.44.30,77.897936,29.862903,JIO4G,4G,-76,10,235,
2025.04.21_18.44.33,77.897901,29.863015,JIO4G,4G,-84,11,236,
2025.04.21_18.44.36,77.897916,29.86311,JIO4G,4G,-84,11,236,
2025.04.21_18.44.40,77.89794,29.86321,JIO4G,4G,-84,10,236,
2025.04.21_18.44.44,77.897973,29.863306,JIO4G,4G,-87,9,237,
2025.04.21_18.44.49,77.897968,29.863401,JIO4G,4G,-87,8,236,
2025.04.21_18.44.53,77.897966,29.863493,JIO4G,4G,-91,8,236,
2025.04.21_18.44.57,77.89798,29.863583,JIO4G,4G,-91,9,236,
2025.04.21_18.45.01,77.897983,29.863676,JIO4G,4G,-91,9,236,
2025.04.21_18.45.06,77.897993,29.863781,JIO4G,4G,-91,9,237,
2025.04.21_18.45.07,77.897993,29.863781,JIO4G,4G,-92,9,237,
2025.04.21_18.45.11,77.898016,29.863883,JIO4G,4G,-92,7,237,
2025.04.21_18.45.15,77.898026,29.864006,JIO4G,4G,-95,8,237,
2025.04.21_18.45.18,77.898013,29.864111,JIO4G,4G,-95,9,238,
2025.04.21_18.45.21,77.898093,29.864169,JIO4G,4G,-95,11,237,
2025.04.21_18.45.25,77.898211,29.864145,JIO4G,4G,-96,12,238,
2025.04.21_18.45.29,77.898338,29.864148,JIO4G,4G,-96,12,239,
2025.04.21_18.45.33,77.898471,29.864143,JIO4G,4G,-88,12,239,
2025.04.21_18.45.36,77.898585,29.864143,JIO4G,4G,-88,11,238,
2025.04.21_18.45.39,77.89871,29.86415,JIO4G,4G,-88,11,238,
2025.04.21_18.45.42,77.89883,29.864154,JIO4G,4G,-88,11,238,
2025.04.21_18.45.45,77.89898,29.864175,JIO4G,4G,-93,13,238,
2025.04.21_18.45.48,77.89912,29.864169,JIO4G,4G,-93,14,239,
2025.04.21_18.45.51,77.899255,29.864156,JIO4G,4G,-93,15,239,
2025.04.21_18.45.54,77.899393,29.864175,JIO4G,4G,-92,15,238,
2025.04.21_18.45.56,77.899488,29.864211,JIO4G,4G,-92,15,237,
2025.04.21_18.45.59,77.899593,29.864306,JIO4G,4G,-92,16,235,
2025.04.21_18.46.01,77.899688,29.864366,JIO4G,4G,-92,17,233,
2025.04.21_18.46.03,77.899838,29.864379,JIO4G,4G,-95,17,232,
2025.04.21_18.46.05,77.899975,29.86434,JIO4G,4G,-95,17,231,
2025.04.21_18.46.07,77.900053,29.864275,JIO4G,4G,-95,17,231,
2025.04.21_18.46.10,77.900105,29.864166,JIO4G,4G,-95,15,229,
2025.04.21_18.46.13,77.900131,29.864078,JIO4G,4G,-95,13,228,
2025.04.21_18.46.16,77.900145,29.863986,JIO4G,4G,-97,12,227,
2025.04.21_18.46.19,77.900146,29.863888,JIO4G,4G,-97,10,228,
2025.04.21_18.46.22,77.900148,29.863783,JIO4G,4G,-97,10,228,
2025.04.21_18.46.26,77.900135,29.863665,JIO4G,4G,-100,9,229,
2025.04.21_18.46.29,77.900136,29.863554,JIO4G,4G,-103,10,228,
2025.04.21_18.46.32,77.900121,29.863458,JIO4G,4G,-103,9,229,
2025.04.21_18.46.35,77.900121,29.863458,JIO4G,4G,-98,9,229,
2025.04.21_18.46.36,77.900098,29.863348,JIO4G,4G,-98,10,229,
2025.04.21_18.46.40,77.900095,29.863245,JIO4G,4G,-98,8,230,
2025.04.21_18.46.44,77.900113,29.863135,JIO4G,4G,-103,8,231,
2025.04.21_18.46.45,77.900113,29.863135,JIO4G,4G,-99,8,231,
2025.04.21_18.46.47,77.900113,29.863135,JIO4G,4G,-96,8,231,
2025.04.21_18.46.48,77.900076,29.863049,JIO4G,4G,-96,8,231,
2025.04.21_18.47.02,77.900143,29.863121,JIO4G,4G,-96,0,231,
2025.04.21_18.47.06,77.90018,29.863211,JIO4G,4G,-102,0,231,
2025.04.21_18.47.06,77.90018,29.863211,JIO4G,4G,-103,0,231,
2025.04.21_18.47.07,77.90018,29.863211,JIO4G,4G,-101,0,231,
2025.04.21_18.47.10,77.900186,29.863325,JIO4G,4G,-101,0,231,
2025.04.21_18.47.13,77.90018,29.863426,JIO4G,4G,-101,11,231,
2025.04.21_18.47.17,77.900156,29.863556,JIO4G,4G,-98,12,231,
2025.04.21_18.47.21,77.900156,29.863683,JIO4G,4G,-98,11,232,
2025.04.21_18.47.24,77.900138,29.863785,JIO4G,4G,-101,10,230,
2025.04.21_18.47.27,77.900141,29.863881,JIO4G,4G,-100,10,229,
2025.04.21_18.47.31,77.900155,29.863983,JIO4G,4G,-100,10,229,
2025.04.21_18.47.36,77.900131,29.864093,JIO4G,4G,-100,8,231,
2025.04.21_18.47.40,77.900131,29.864093,JIO4G,4G,-102,8,231,
2025.04.21_18.47.41,77.900078,29.864188,JIO4G,4G,-102,7,231,
2025.04.21_18.47.46,77.900028,29.864271,JIO4G,4G,-102,6,232,
2025.04.21_18.49.35,77.899966,29.864255,JIO4G,4G,-101,0,219,
2025.04.21_18.50.00,77.899866,29.864313,JIO4G,4G,-102,0,216,
2025.04.21_18.50.03,77.899763,29.864296,JIO4G,4G,-102,0,216,
2025.04.21_18.50.04,77.899763,29.864296,JIO4G,2G,-113,0,216,
2025.04.21_18.50.06,77.899663,29.864255,JIO4G,2G,-113,0,217,
2025.04.21_18.50.06,77.899663,29.864255,JIO4G,4G,-95,0,217,
2025.04.21_18.50.09,77.899578,29.864175,JIO4G,4G,-97,12,217,
2025.04.21_18.50.14,77.899509,29.864088,JIO4G,4G,-98,0,218,
2025.04.21_18.50.18,77.89939,29.864046,JIO4G,4G,-97,8,219,
2025.04.21_18.50.21,77.899268,29.864033,JIO4G,4G,-98,8,218,
2025.04.21_18.50.24,77.899143,29.86403,JIO4G,4G,-98,8,218,
2025.04.21_18.50.27,77.89899,29.864016,JIO4G,4G,-98,9,218,
2025.04.21_18.50.30,77.898834,29.864019,JIO4G,4G,-93,9,218,
2025.04.21_18.50.33,77.898675,29.864013,JIO4G,4G,-90,10,216,
2025.04.21_18.50.35,77.898556,29.864008,JIO4G,4G,-94,11,215,
2025.04.21_18.50.38,77.898433,29.864011,JIO4G,4G,-93,10,213,
2025.04.21_18.50.41,77.8983,29.864033,JIO4G,4G,-91,9,211,
2025.04.21_18.50.44,77.898145,29.864048,JIO4G,4G,-88,8,207,
2025.04.21_18.50.46,77.898021,29.864041,JIO4G,4G,-88,8,204,
2025.04.21_18.50.48,77.897888,29.864036,JIO4G,4G,-88,9,202,
2025.04.21_18.50.50,77.897753,29.864041,JIO4G,4G,-88,10,201,
2025.04.21_18.50.53,77.897625,29.864058,JIO4G,4G,-88,9,197,
2025.04.21_18.50.55,77.897503,29.864053,JIO4G,4G,-72,10,194,
2025.04.21_18.50.57,77.897363,29.864061,JIO4G,4G,-72,10,193,
2025.04.21_18.50.59,77.897211,29.864063,JIO4G,4G,-72,12,192,
2025.04.21_18.51.01,77.897065,29.864068,JIO4G,4G,-72,14,190,
2025.04.21_18.51.03,77.896906,29.864079,JIO4G,4G,-72,15,188,
2025.04.21_18.51.05,77.896741,29.864088,JIO4G,4G,-82,16,187,
2025.04.21_18.51.07,77.896585,29.864096,JIO4G,4G,-82,17,185,
2025.04.21_18.51.09,77.896455,29.864115,JIO4G,4G,-82,16,184,
2025.04.21_18.51.11,77.89635,29.864118,JIO4G,4G,-82,16,183,
2025.04.21_18.51.13,77.896243,29.864124,JIO4G,4G,-82,15,183,
2025.04.21_18.51.16,77.896096,29.864116,JIO4G,4G,-81,14,182,
2025.04.21_18.51.19,77.89598,29.864115,JIO4G,4G,-81,12,180,
2025.04.21_18.51.22,77.895868,29.864113,JIO4G,4G,-81,11,179,
2025.04.21_18.51.25,77.895733,29.864103,JIO4G,4G,-84,11,178,
2025.04.21_18.51.28,77.895635,29.864046,JIO4G,4G,-84,12,177,
2025.04.21_18.51.31,77.895595,29.863958,JIO4G,4G,-84,12,176,
2025.04.21_18.51.34,77.89559,29.863851,JIO4G,4G,-92,12,175,
2025.04.21_18.51.37,77.895548,29.863728,JIO4G,4G,-91,13,174,
2025.04.21_18.51.40,77.895498,29.863626,JIO4G,4G,-91,13,173,
2025.04.21_18.51.43,77.895448,29.863533,JIO4G,4G,-91,13,172,
2025.04.21_18.51.43,77.895448,29.863533,JIO4G,4G,-85,13,172,
2025.04.21_18.51.46,77.895388,29.863425,JIO4G,4G,-85,12,173,
2025.04.21_18.51.49,77.895363,29.863314,JIO4G,4G,-85,12,174,
2025.04.21_18.51.52,77.89535,29.863211,JIO4G,4G,-85,12,176,
2025.04.21_18.51.56,77.895378,29.863101,JIO4G,4G,-77,11,179,
2025.04.21_18.52.00,77.895378,29.862996,JIO4G,4G,-77,9,182,
2025.04.21_18.52.03,77.895373,29.862903,JIO4G,4G,-77,9,184,
2025.04.21_18.52.06,77.895353,29.86281,JIO4G,4G,-79,9,186,
2025.04.21_18.52.10,77.895308,29.8627,JIO4G,4G,-79,9,188,
2025.04.21_18.52.14,77.895271,29.862588,JIO4G,4G,-72,10,191,
2025.04.21_18.52.18,77.895258,29.86247,JIO4G,4G,-72,10,193,
2025.04.21_18.52.22,77.89531,29.86237,JIO4G,4G,-72,9,193,
2025.04.21_18.52.26,77.895376,29.862286,JIO4G,4G,-72,9,194,
2025.04.21_18.52.29,77.895461,29.86223,JIO4G,4G,-72,9,195,
2025.04.21_18.52.32,77.895556,29.862175,JIO4G,4G,-72,10,195,
2025.04.21_18.52.36,77.895673,29.862133,JIO4G,4G,-77,10,195,
2025.04.21_18.52.39,77.895811,29.862141,JIO4G,4G,-79,11,197,
2025.04.21_18.52.43,77.895928,29.86216,JIO4G,4G,-80,10,200,
2025.04.21_18.52.48,77.896051,29.8621,JIO4G,4G,-80,9,204,
2025.04.21_18.52.51,77.896128,29.862001,JIO4G,4G,-77,8,205,
2025.04.21_18.52.53,77.896121,29.861896,JIO4G,4G,-77,9,207,
2025.04.21_18.52.55,77.896113,29.861771,JIO4G,4G,-76,12,209,
2025.04.21_18.52.59,77.89617,29.861646,JIO4G,4G,-78,0,212,
2025.04.21_18.53.01,77.896256,29.861578,JIO4G,4G,-78,12,213,
2025.04.21_18.53.06,77.896351,29.86162,JIO4G,4G,-78,8,216,
2025.04.21_18.53.07,77.896351,29.86162,JIO4G,4G,-79,8,216,
2025.04.21_18.53.10,77.896414,29.861746,JIO4G,4G,-79,7,219,
2025.04.21_18.53.12,77.896501,29.861855,JIO4G,4G,-79,7,220,
2025.04.21_18.53.14,77.896586,29.861983,JIO4G,4G,-79,8,220,
2025.04.21_18.53.16,77.896661,29.862115,JIO4G,4G,-79,0,220,
2025.04.21_18.53.19,77.896728,29.86223,JIO4G,4G,-86,0,223,
2025.04.21_18.53.22,77.896736,29.862326,JIO4G,4G,-86,7,224,
2025.04.21_18.53.26,77.89674,29.862441,JIO4G,4G,-86,7,225,
2025.04.21_18.53.27,77.89674,29.862441,JIO4G,4G,-84,7,225,
2025.04.21_18.53.29,77.896786,29.862563,JIO4G,4G,-84,8,225,
2025.04.21_18.53.32,77.896828,29.862685,JIO4G,4G,-84,9,223,
2025.04.21_18.53.35,77.89683,29.862776,JIO4G,4G,-84,9,221,
2025.04.21_18.53.39,77.896805,29.862881,JIO4G,4G,-81,9,221,
2025.04.21_18.53.42,77.896805,29.862881,JIO4G,4G,-86,9,221,
2025.04.21_18.53.43,77.896801,29.862983,JIO4G,4G,-86,9,222,
2025.04.21_18.53.46,77.896815,29.863096,JIO4G,4G,-86,10,223,
2025.04.21_18.53.47,77.896815,29.863096,JIO4G,4G,-86,10,223,
2025.04.21_18.53.48,77.896825,29.86322,JIO4G,4G,-86,11,225,
2025.04.21_18.53.50,77.89683,29.863328,JIO4G,4G,-86,11,228,
2025.04.21_18.53.53,77.896861,29.86344,JIO4G,4G,-86,12,237,
2025.04.21_18.53.56,77.896866,29.863531,JIO4G,4G,-86,12,239,
2025.04.21_18.53.59,77.896836,29.863625,JIO4G,4G,-86,10,240,
2025.04.21_18.54.01,77.896858,29.863723,JIO4G,4G,-86,10,239,
2025.04.21_18.54.06,77.896871,29.863823,JIO4G,4G,-86,8,235,
2025.04.21_18.54.09,77.896891,29.863928,JIO4G,4G,-85,9,233,
2025.04.21_18.54.12,77.896908,29.864028,JIO4G,4G,-85,8,232,
2025.04.21_18.54.17,77.896976,29.864098,JIO4G,4G,-85,7,232,
2025.04.21_18.54.22,77.897103,29.864091,JIO4G,4G,-82,7,232,
2025.04.21_18.54.26,77.897228,29.864103,JIO4G,4G,-82,9,231,
2025.04.21_18.54.30,77.897361,29.864113,JIO4G,4G,-84,9,231,
2025.04.21_18.54.34,77.897483,29.864093,JIO4G,4G,-84,9,229,
2025.04.21_18.54.38,77.897586,29.86406,JIO4G,4G,-84,9,227,
2025.04.21_18.54.42,77.897705,29.86407,JIO4G,4G,-86,9,227,
2025.04.21_18.54.46,77.897818,29.864058,JIO4G,4G,-86,8,227,
2025.04.21_18.54.50,77.897896,29.863998,JIO4G,4G,-87,8,227,
2025.04.21_18.54.55,77.897903,29.863895,JIO4G,4G,-87,7,226,
2025.04.21_18.54.59,77.897883,29.863805,JIO4G,4G,-87,8,225,
2025.04.21_18.55.03,77.897854,29.8637,JIO4G,4G,-89,8,224,
2025.04.21_18.55.06,77.897863,29.86359,JIO4G,4G,-89,9,224,
2025.04.21_18.55.09,77.897851,29.86349,JIO4G,4G,-89,10,226,
2025.04.21_18.55.11,77.897851,29.86349,JIO4G,4G,-86,10,226,
2025.04.21_18.55.13,77.89787,29.863388,JIO4G,4G,-86,10,227,
2025.04.21_18.55.18,77.897853,29.86327,JIO4G,4G,-86,10,230,
2025.04.21_18.55.22,77.897838,29.86315,JIO4G,4G,-79,9,231,
2025.04.21_18.55.26,77.897911,29.863053,JIO4G,4G,-79,9,232,
2025.04.21_18.55.29,77.898038,29.863033,JIO4G,4G,-79,9,231,
2025.04.21_18.55.32,77.898163,29.862998,JIO4G,4G,-80,10,231,
2025.04.21_18.55.35,77.898268,29.862958,JIO4G,4G,-80,10,229,
2025.04.21_18.55.39,77.898366,29.86293,JIO4G,4G,-80,9,227,
2025.04.21_18.55.43,77.898463,29.862891,JIO4G,4G,-86,8,227,
2025.04.21_18.55.46,77.89858,29.862921,JIO4G,4G,-86,9,228,
2025.04.21_18.55.49,77.898698,29.862925,JIO4G,4G,-86,10,230,
2025.04.21_18.55.53,77.898841,29.862891,JIO4G,4G,-91,10,229,
2025.04.21_18.55.56,77.898951,29.86288,JIO4G,4G,-91,10,228,
2025.04.21_18.55.59,77.899061,29.862901,JIO4G,4G,-91,10,227,
2025.04.21_18.56.02,77.899216,29.862911,JIO4G,4G,-88,12,225,
2025.04.21_18.56.04,77.89934,29.862895,JIO4G,4G,-88,14,226,
2025.04.21_18.56.06,77.899478,29.862896,JIO4G,4G,-88,17,226,
2025.04.21_18.56.08,77.899613,29.862901,JIO4G,4G,-88,19,226,
2025.04.21_18.56.10,77.89975,29.862903,JIO4G,4G,-102,21,226,
2025.04.21_18.56.12,77.899861,29.862903,JIO4G,4G,-102,21,226,
2025.04.21_18.56.14,77.899983,29.862926,JIO4G,4G,-95,21,226,
2025.04.21_18.56.16,77.900101,29.863004,JIO4G,4G,-95,21,226,
2025.04.21_18.56.18,77.900191,29.8631,JIO4G,4G,-95,21,226,
2025.04.21_18.56.20,77.900208,29.863201,JIO4G,4G,-100,20,226,
2025.04.21_18.56.22,77.900205,29.863306,JIO4G,4G,-100,19,225,
2025.04.21_18.56.24,77.900203,29.863401,JIO4G,4G,-100,18,226,
2025.04.21_18.56.24,77.900203,29.863401,JIO4G,4G,-99,18,226,
2025.04.21_18.56.27,77.900201,29.863509,JIO4G,4G,-99,15,226,
2025.04.21_18.56.31,77.90021,29.863621,JIO4G,4G,-99,12,228,
2025.04.21_18.56.34,77.900201,29.863735,JIO4G,4G,-99,12,228,
2025.04.21_18.56.37,77.900195,29.863828,JIO4G,4G,-97,11,227,
2025.04.21_18.56.41,77.900165,29.863938,JIO4G,4G,-97,11,227,
2025.04.21_18.56.45,77.90014,29.86405,JIO4G,4G,-102,10,228,
2025.04.21_18.56.49,77.900085,29.86415,JIO4G,4G,-101,10,228,
2025.04.21_18.56.52,77.900013,29.864246,JIO4G,4G,-101,10,227,
2025.04.21_18.56.56,77.900011,29.864361,JIO4G,4G,-102,9,227,
2025.04.21_18.56.59,77.900075,29.864463,JIO4G,4G,-102,9,229,
2025.04.21_18.57.02,77.900175,29.864543,JIO4G,4G,-102,10,231,
2025.04.21_18.57.03,77.900175,29.864543,JIO4G,4G,-91,10,231,
2025.04.21_18.57.06,77.900271,29.864611,JIO4G,4G,-91,10,230,
2025.04.21_18.57.16,77.900378,29.864535,JIO4G,4G,-102,0,229,
2025.04.21_18.57.21,77.900433,29.86445,JIO4G,4G,-110,0,228,
2025.04.21_18.57.27,77.900535,29.864391,JIO4G,4G,-108,0,228,
2025.04.21_18.57.30,77.900591,29.864303,JIO4G,4G,-108,6,228,
2025.04.21_18.57.30,77.900591,29.864303,JIO4G,4G,-105,6,228,
2025.04.21_18.57.35,77.900675,29.864218,JIO4G,4G,-105,6,228,
2025.04.21_18.57.38,77.900753,29.864146,JIO4G,4G,-105,7,228,
2025.04.21_18.57.40,77.900753,29.864146,JIO4G,4G,-98,7,228,
2025.04.21_18.57.41,77.900848,29.864048,JIO4G,4G,-98,8,228,
2025.04.21_18.57.44,77.900918,29.863976,JIO4G,4G,-98,9,227,
2025.04.21_18.57.47,77.901023,29.863888,JIO4G,4G,-98,11,228,
2025.04.21_18.57.49,77.901096,29.863805,JIO4G,4G,-98,12,227,
2025.04.21_18.57.51,77.901163,29.863715,JIO4G,4G,-103,14,227,
2025.04.21_18.57.53,77.90122,29.863635,JIO4G,4G,-103,16,227,
2025.04.21_18.57.56,77.901268,29.863533,JIO4G,4G,-103,17,227,
2025.04.21_18.58.01,77.901268,29.863533,JIO4G,4G,-111,17,227,
2025.04.21_18.58.07,77.901183,29.863638,JIO4G,4G,-111,6,230,
2025.04.21_18.58.10,77.901066,29.863681,JIO4G,4G,-111,9,230,
2025.04.21_18.58.14,77.90097,29.86359,JIO4G,4G,-99,12,230,
2025.04.21_18.58.17,77.900896,29.86349,JIO4G,4G,-99,14,227,
2025.04.21_18.58.20,77.900785,29.863388,JIO4G,4G,-99,16,227,
2025.04.21_18.58.22,77.900668,29.863346,JIO4G,4G,-102,17,227,
2025.04.21_18.58.25,77.900551,29.863274,JIO4G,4G,-102,17,227,
2025.04.21_18.58.29,77.900415,29.863321,JIO4G,4G,-102,0,215,
2025.04.21_18.58.33,77.900346,29.863408,JIO4G,4G,-104,10,216,
2025.04.21_18.58.37,77.900346,29.863408,JIO4G,4G,-101,10,216,
2025.04.21_18.58.56,77.900316,29.863506,JIO4G,4G,-105,0,216,
2025.04.21_18.59.00,77.900304,29.863613,JIO4G,4G,-105,0,215,
2025.04.21_18.59.05,77.900353,29.86371,JIO4G,4G,-103,10,215,
2025.04.21_18.59.14,77.90031,29.86361,JIO4G,4G,-102,0,213,
2025.04.21_18.59.18,77.900313,29.863515,JIO4G,4G,-102,6,212,
2025.04.21_18.59.23,77.900273,29.863419,JIO4G,4G,-102,6,212,
2025.04.21_18.59.29,77.900341,29.863336,JIO4G,4G,-102,5,211,
2025.04.21_18.59.33,77.900439,29.863303,JIO4G,4G,-106,6,215,
2025.04.21_18.59.36,77.900551,29.863301,JIO4G,4G,-106,6,207,
2025.04.21_18.59.40,77.900668,29.863333,JIO4G,4G,-106,7,204,
2025.04.21_18.59.42,77.900668,29.863333,JIO4G,4G,-100,7,204,
2025.04.21_18.59.45,77.900766,29.863371,JIO4G,4G,-100,7,204,
2025.04.21_18.59.47,77.900766,29.863371,JIO4G,2G,-113,7,204,
2025.04.21_18.59.50,77.900766,29.863371,JIO4G,4G,-95,7,204,
2025.04.21_18.59.58,77.90087,29.863353,JIO4G,4G,-95,0,205,
2025.04.21_19.00.19,77.90087,29.863353,JIO4G,2G,-113,0,205,
2025.04.21_19.00.30,77.90087,29.863353,JIO4G,4G,-100,0,205,
2025.04.21_19.00.36,77.900958,29.863423,JIO4G,4G,-100,0,208,
2025.04.21_19.00.48,77.901024,29.863515,JIO4G,4G,-114,0,207,
2025.04.21_19.01.06,77.900796,29.863353,JIO4G,4G,-113,0,237,
2025.04.21_19.01.13,77.900881,29.863433,JIO4G,4G,-95,5,216,
2025.04.21_19.01.21,77.900881,29.863433,JIO4G,4G,-104,5,216,
2025.04.21_19.01.24,77.900881,29.863433,JIO4G,4G,-99,0,216,
2025.04.21_19.01.37,77.90094,29.863576,JIO4G,4G,-96,3,214,
2025.04.21_19.01.47,77.900913,29.863668,JIO4G,4G,-107,0,214,
2025.04.21_19.01.51,77.900913,29.863668,JIO4G,4G,-107,0,214,
2025.04.21_19.01.57,77.90085,29.863743,JIO4G,4G,-109,3,213,
2025.04.21_19.02.01,77.90085,29.863743,JIO4G,4G,-108,3,213,
2025.04.21_19.02.18,77.90074926,29.86384014,JIO4G,4G,-101,,,
2025.04.21_19.02.19,77.90065404,29.86385758,JIO4G,4G,-101,,,
2025.04.21_19.02.20,NaN,NaN,JIO4G,4G,-101,,,
2025.04.21_19.02.21,NaN,NaN,JIO4G,4G,-101,,,
2025.04.21_19.02.22,77.90053301,29.8639294,JIO4G,4G,-96,,,
2025.04.21_19.02.23,77.90047634,29.86380612,JIO4G,4G,-96,,,
2025.04.21_19.02.24,77.90047634,29.86380612,JIO4G,4G,-96,,,
2025.04.21_19.02.25,77.90038045,29.86383636,JIO4G,4G,-96,,,
2025.04.21_19.02.26,77.90038045,29.86383636,JIO4G,4G,-96,,,
2025.04.21_19.02.27,77.90043253,29.86385128,JIO4G,4G,-96,,,
2025.04.21_19.02.28,77.90048461,29.86386621,JIO4G,4G,-96,,,
2025.04.21_19.02.29,77.90053669,29.86388113,JIO4G,4G,-96,,,
2025.04.21_19.02.30,77.90053669,29.86388113,JIO4G,4G,-96,,,
2025.04.21_19.02.31,77.90052138,29.86385109,JIO4G,4G,-96,,,
2025.04.21_19.02.32,77.90050607,29.86382104,JIO4G,4G,-97,,,
2025.04.21_19.02.33,77.90049076,29.863791,JIO4G,4G,-97,,,
2025.04.21_19.02.34,77.90049076,29.863791,JIO4G,4G,-97,,,
2025.04.21_19.02.35,77.90045355,29.86382773,JIO4G,4G,-97,,,
2025.04.21_19.02.36,77.90041633,29.86386446,JIO4G,4G,-97,,,
2025.04.21_19.02.37,77.90037911,29.8639012,JIO4G,4G,-97,,,
2025.04.21_19.02.38,77.90037911,29.8639012,JIO4G,4G,-97,,,
2025.04.21_19.02.39,77.90039185,29.86390356,JIO4G,4G,-97,,,
2025.04.21_19.02.40,77.90040459,29.86390593,JIO4G,4G,-97,,,
2025.04.21_19.02.41,77.90041734,29.8639083,JIO4G,4G,-97,,,
2025.04.21_19.02.42,77.90043008,29.86391067,JIO4G,4G,-99,,,
2025.04.21_19.02.43,77.90044282,29.86391303,JIO4G,4G,-99,,,
2025.04.21_19.02.44,77.90045556,29.8639154,JIO4G,4G,-99,,,
2025.04.21_19.02.45,77.9004683,29.86391777,JIO4G,4G,-101,,,
2025.04.21_19.02.46,77.9004683,29.86391777,JIO4G,4G,-101,,,
2025.04.21_19.02.47,77.9004484,29.86393938,JIO4G,4G,-101,,,
2025.04.21_19.02.48,77.90042851,29.86396099,JIO4G,4G,-101,,,
2025.04.21_19.02.49,77.90040862,29.86398261,JIO4G,4G,-101,,,
2025.04.21_19.02.50,77.90040862,29.86398261,JIO4G,4G,-101,,,
2025.04.21_19.02.51,77.90037129,29.86397718,JIO4G,4G,-101,,,
2025.04.21_19.02.52,77.90033396,29.86397175,JIO4G,4G,-100,,,
2025.04.21_19.02.52,77.90029664,29.86396633,JIO4G,4G,-100,,,
2025.04.21_19.02.54,77.90029664,29.86396633,JIO4G,4G,-100,,,
2025.04.21_19.02.55,77.90029753,29.86394355,JIO4G,4G,-100,,,
2025.04.21_19.02.56,77.90029842,29.86392077,JIO4G,4G,-100,,,
2025.04.21_19.02.57,77.90029932,29.863898,JIO4G,4G,-100,,,
2025.04.21_19.02.58,77.90029932,29.863898,JIO4G,4G,-100,,,
2025.04.21_19.02.59,77.9003138,29.86390835,JIO4G,4G,-100,,,
2025.04.21_19.03.00,77.90032829,29.8639187,JIO4G,4G,-100,,,
2025.04.21_19.03.01,77.90034277,29.86392905,JIO4G,4G,-100,,,
2025.04.21_19.03.02,77.90035725,29.8639394,JIO4G,4G,-100,,,
2025.04.21_19.03.03,77.90037174,29.86394975,JIO4G,4G,-97,,,
2025.04.21_19.03.04,77.90037174,29.86394975,JIO4G,4G,-97,,,
2025.04.21_19.03.05,77.9003457,29.86397999,JIO4G,4G,-97,,,
2025.04.21_19.03.06,77.90031966,29.86401023,JIO4G,4G,-97,,,
2025.04.21_19.03.07,77.90029362,29.86404047,JIO4G,4G,-97,,,
2025.04.21_19.03.08,77.90029362,29.86404047,JIO4G,4G,-97,,,
2025.04.21_19.03.09,77.90029571,29.86405428,JIO4G,4G,-97,,,
2025.04.21_19.03.10,77.90029781,29.86406809,JIO4G,4G,-97,,,
2025.04.21_19.03.11,77.9002999,29.8640819,JIO4G,4G,-97,,,
2025.04.21_19.03.12,77.900302,29.86409571,JIO4G,4G,-97,,,
2025.04.21_19.03.13,77.900302,29.86409571,JIO4G,4G,-99,,,
2025.04.21_19.03.14,77.90034357,29.86409353,JIO4G,4G,-99,,,
2025.04.21_19.03.15,77.90038515,29.86409135,JIO4G,4G,-99,,,
2025.04.21_19.03.16,77.90038515,29.86409135,JIO4G,4G,-99,,,
2025.04.21_19.03.17,77.90040616,29.86408282,JIO4G,4G,-99,,,
2025.04.21_19.03.18,77.90042717,29.86407429,JIO4G,4G,-99,,,
2025.04.21_19.03.19,77.90044818,29.86406576,JIO4G,4G,-99,,,
2025.04.21_19.03.20,77.90044818,29.86406576,JIO4G,4G,-99,,,
2025.04.21_19.03.21,77.90044952,29.86406089,JIO4G,4G,-99,,,
2025.04.21_19.03.22,77.90045086,29.86405602,JIO4G,4G,-99,,,
2025.04.21_19.03.23,77.9004522,29.86405115,JIO4G,4G,-94,,,
2025.04.21_19.03.24,77.90045355,29.86404628,JIO4G,4G,-94,,,
2025.04.21_19.03.25,77.90045355,29.86404628,JIO4G,4G,-94,,,
2025.04.21_19.03.26,77.90045539,29.86404414,JIO4G,4G,-94,,,
2025.04.21_19.03.27,77.90045723,29.86404199,JIO4G,4G,-94,,,
2025.04.21_19.03.28,77.90045908,29.86403985,JIO4G,4G,-94,,,
2025.04.21_19.03.29,77.90046092,29.86403771,JIO4G,4G,-94,,,
2025.04.21_19.03.30,77.90046277,29.86403556,JIO4G,4G,-94,,,
2025.04.21_19.03.31,77.90046461,29.86403342,JIO4G,4G,-94,,,
2025.04.21_19.03.32,77.90046645,29.86403127,JIO4G,4G,-94,,,
2025.04.21_19.03.33,77.9004683,29.86402913,JIO4G,4G,-102,,,
2025.04.21_19.03.34,77.9004683,29.86402913,JIO4G,4G,-102,,,
2025.04.21_19.03.35,77.90053569,29.86402709,JIO4G,4G,-102,,,
2025.04.21_19.03.36,77.90053569,29.86402709,JIO4G,4G,-102,,,
2025.04.21_19.03.37,77.900532,29.86402197,JIO4G,4G,-102,,,
2025.04.21_19.03.38,77.90052831,29.86401684,JIO4G,4G,-102,,,
2025.04.21_19.03.39,77.90052462,29.86401172,JIO4G,4G,-102,,,
2025.04.21_19.03.40,77.90052094,29.86400659,JIO4G,4G,-102,,,
2025.04.21_19.03.41,77.90051725,29.86400147,JIO4G,4G,-102,,,
2025.04.21_19.03.42,77.90051356,29.86399635,JIO4G,4G,-102,,,
2025.04.21_19.03.43,77.90050987,29.86399122,JIO4G,4G,-103,,,
2025.04.21_19.03.44,77.90050618,29.8639861,JIO4G,4G,-102,,,
2025.04.21_19.03.45,77.90050618,29.8639861,JIO4G,4G,-102,,,
2025.04.21_19.03.46,77.90051258,29.86398679,JIO4G,4G,-102,,,
2025.04.21_19.03.47,77.90051898,29.86398748,JIO4G,4G,-102,,,
2025.04.21_19.03.48,77.90052537,29.86398818,JIO4G,4G,-102,,,
2025.04.21_19.03.49,77.90053177,29.86398887,JIO4G,4G,-102,,,
2025.04.21_19.03.50,77.90053816,29.86398956,JIO4G,4G,-102,,,
2025.04.21_19.03.51,77.90054456,29.86399026,JIO4G,4G,-102,,,
2025.04.21_19.03.52,77.90055096,29.86399095,JIO4G,4G,-102,,,
2025.04.21_19.03.53,77.90055735,29.86399164,JIO4G,4G,-101,,,
2025.04.21_19.03.54,77.90056375,29.86399234,JIO4G,4G,-101,,,
2025.04.21_19.03.55,77.90057014,29.86399303,JIO4G,4G,-101,,,
2025.04.21_19.03.56,77.90057654,29.86399372,JIO4G,4G,-101,,,
2025.04.21_19.03.57,77.90058294,29.86399442,JIO4G,4G,-101,,,
2025.04.21_19.03.58,77.90058933,29.86399511,JIO4G,4G,-105,,,
2025.04.21_19.03.59,77.90058933,29.86399511,JIO4G,4G,-105,,,
2025.04.21_19.04.00,77.90062319,29.86396545,JIO4G,4G,-105,,,
2025.04.21_19.04.01,77.90062319,29.86396545,JIO4G,4G,-105,,,
2025.04.21_19.04.02,77.90062068,29.86398377,JIO4G,4G,-105,,,
2025.04.21_19.04.03,77.90061817,29.86400209,JIO4G,4G,-103,,,
2025.04.21_19.04.04,77.90061565,29.86402041,JIO4G,4G,-103,,,
2025.04.21_19.04.05,77.90061314,29.86403872,JIO4G,4G,-103,,,
2025.04.21_19.04.06,77.90061314,29.86403872,JIO4G,4G,-103,,,
2025.04.21_19.04.07,77.90061776,29.86403984,JIO4G,4G,-103,,,
2025.04.21_19.04.08,77.90062238,29.86404097,JIO4G,4G,-103,,,
2025.04.21_19.04.09,77.900627,29.86404209,JIO4G,4G,-103,,,
2025.04.21_19.04.10,77.90063162,29.86404321,JIO4G,4G,-103,,,
2025.04.21_19.04.11,77.90063625,29.86404433,JIO4G,4G,-103,,,
2025.04.21_19.04.12,77.90064087,29.86404545,JIO4G,4G,-103,,,
2025.04.21_19.04.13,77.90064549,29.86404657,JIO4G,4G,-102,,,
2025.04.21_19.04.14,77.90065011,29.86404769,JIO4G,4G,-102,,,
2025.04.21_19.04.15,77.90065473,29.86404882,JIO4G,4G,-102,,,
2025.04.21_19.04.16,77.90065936,29.86404994,JIO4G,4G,-102,,,
2025.04.21_19.04.17,77.90066398,29.86405106,JIO4G,4G,-102,,,
2025.04.21_19.04.18,77.9006686,29.86405218,JIO4G,4G,-102,,,
2025.04.21_19.04.19,77.90067322,29.8640533,JIO4G,4G,-102,,,
2025.04.21_19.04.20,77.90067784,29.86405442,JIO4G,4G,-102,,,
2025.04.21_19.04.21,77.90067784,29.86405442,JIO4G,4G,-102,,,
2025.04.21_19.04.22,77.90068991,29.86403654,JIO4G,4G,-102,,,
2025.04.21_19.04.23,77.90070198,29.86401866,JIO4G,4G,-102,,,
2025.04.21_19.04.24,77.90070198,29.86401866,JIO4G,4G,-102,,,
2025.04.21_19.04.25,77.90069818,29.86400684,JIO4G,4G,-102,,,
2025.04.21_19.04.26,77.90069439,29.86399501,JIO4G,4G,-102,,,
2025.04.21_19.04.27,77.90069059,29.86398319,JIO4G,4G,-102,,,
2025.04.21_19.04.28,77.90069059,29.86398319,JIO4G,4G,-102,,,
2025.04.21_19.04.29,77.90071104,29.86399472,JIO4G,4G,-102,,,
2025.04.21_19.04.30,77.90073149,29.86400626,JIO4G,4G,-102,,,
2025.04.21_19.04.31,77.90075194,29.86401779,JIO4G,4G,-102,,,
2025.04.21_19.04.32,77.90075194,29.86401779,JIO4G,4G,-102,,,
2025.04.21_19.04.33,77.9007183,29.86399598,JIO4G,4G,-99,,,
2025.04.21_19.04.34,77.90068466,29.86397418,JIO4G,4G,-99,,,
2025.04.21_19.04.35,77.90065102,29.86395237,JIO4G,4G,-99,,,
2025.04.21_19.04.36,77.90065102,29.86395237,JIO4G,4G,-101,,,
2025.04.21_19.04.37,77.90072177,29.86394714,JIO4G,4G,-101,,,
2025.04.21_19.04.38,77.90072177,29.86394714,JIO4G,4G,-101,,,
2025.04.21_19.04.39,77.90077675,29.86398319,JIO4G,4G,-101,,,
2025.04.21_19.04.40,77.90077675,29.86398319,JIO4G,4G,-101,,,
2025.04.21_19.04.41,77.90076301,29.86394074,JIO4G,4G,-101,,,
2025.04.21_19.04.42,77.90076301,29.86394074,JIO4G,4G,-101,,,
2025.04.21_19.04.43,77.90072797,29.86391123,JIO4G,4G,-102,,,
2025.04.21_19.04.44,77.90069293,29.86388172,JIO4G,4G,-102,,,
2025.04.21_19.04.45,77.90069293,29.86388172,JIO4G,4G,-102,,,
2025.04.21_19.04.46,77.90081162,29.86392242,JIO4G,4G,-102,,,
2025.04.21_19.04.47,77.90081162,29.86392242,JIO4G,4G,-102,,,
2025.04.21_19.04.48,77.90086862,29.86395062,JIO4G,4G,-102,,,
2025.04.21_19.04.49,77.90086862,29.86395062,JIO4G,4G,-102,,,
2025.04.21_19.04.50,77.90082905,29.86387852,JIO4G,4G,-102,,,
2025.04.21_19.04.51,77.90082905,29.86387852,JIO4G,4G,-102,,,
2025.04.21_19.04.52,77.90083962,29.8638759,JIO4G,4G,-102,,,
2025.04.21_19.04.53,77.90085018,29.86387328,JIO4G,4G,-102,,,
2025.04.21_19.04.54,77.90086074,29.86387067,JIO4G,4G,-102,,,
2025.04.21_19.04.55,77.9008713,29.86386805,JIO4G,4G,-102,,,
2025.04.21_19.04.56,77.90088186,29.86386543,JIO4G,4G,-102,,,
2025.04.21_19.04.57,77.90089242,29.86386282,JIO4G,4G,-102,,,
2025.04.21_19.04.58,77.90089242,29.86386282,JIO4G,4G,-102,,,
2025.04.21_19.04.59,77.90084984,29.86384842,JIO4G,4G,-102,,,
2025.04.21_19.05.00,77.90080726,29.86383403,JIO4G,4G,-102,,,
2025.04.21_19.05.01,77.90080726,29.86383403,JIO4G,4G,-102,,,
2025.04.21_19.05.02,77.90084163,29.86382502,JIO4G,4G,-102,,,
2025.04.21_19.05.03,77.90087599,29.863816,JIO4G,4G,-102,,,
2025.04.21_19.05.04,77.90087599,29.863816,JIO4G,4G,-102,,,
2025.04.21_19.05.05,77.90084682,29.86379885,JIO4G,4G,-102,,,
2025.04.21_19.05.06,77.90081766,29.8637817,JIO4G,4G,-102,,,
2025.04.21_19.05.07,77.90081766,29.8637817,JIO4G,4G,-102,,,
2025.04.21_19.05.08,77.90081348,29.86377701,JIO4G,4G,-102,,,
2025.04.21_19.05.09,77.90080931,29.86377233,JIO4G,4G,-102,,,
2025.04.21_19.05.10,77.90080514,29.86376764,JIO4G,4G,-102,,,
2025.04.21_19.05.11,77.90080097,29.86376296,JIO4G,4G,-102,,,
2025.04.21_19.05.12,77.90079679,29.86375827,JIO4G,4G,-102,,,
2025.04.21_19.05.13,77.90079262,29.86375359,JIO4G,4G,-102,,,
2025.04.21_19.05.14,77.90078845,29.8637489,JIO4G,4G,-100,,,
2025.04.21_19.05.15,77.90078428,29.86374422,JIO4G,4G,-100,,,
2025.04.21_19.05.16,77.9007801,29.86373954,JIO4G,4G,-100,,,
2025.04.21_19.05.17,NaN,NaN,JIO4G,4G,-100,,,
2025.04.21_19.05.18,NaN,NaN,JIO4G,4G,-100,,,
2025.04.21_19.05.19,NaN,NaN,JIO4G,4G,-100,,,
2025.04.21_19.05.20,NaN,NaN,JIO4G,4G,-100,,,
2025.04.21_19.05.21,NaN,NaN,JIO4G,4G,-100,,,
2025.04.21_19.05.22,NaN,NaN,JIO4G,4G,-100,,,
2025.04.21_19.05.23,NaN,NaN,JIO4G,4G,-100,,,
2025.04.21_19.05.24,NaN,NaN,JIO4G,4G,-105,,,
2025.04.21_19.05.25,NaN,NaN,JIO4G,4G,-105,,,
2025.04.21_19.05.26,NaN,NaN,JIO4G,4G,-105,,,
2025.04.21_19.05.27,NaN,NaN,JIO4G,4G,-105,,,
2025.04.21_19.05.28,NaN,NaN,JIO4G,4G,-105,,,
2025.04.21_19.05.29,NaN,NaN,JIO4G,4G,-105,,,
2025.04.21_19.05.30,NaN,NaN,JIO4G,4G,-105,,,
2025.04.21_19.05.31,77.90083006,29.86371017,JIO4G,4G,-105,,,
2025.04.21_19.05.32,77.90085487,29.86370494,JIO4G,4G,-105,,,
2025.04.21_19.05.33,77.90085487,29.86370494,JIO4G,4G,-105,,,
2025.04.21_19.05.34,77.90085085,29.86360608,JIO4G,4G,-103,,,
2025.04.21_19.05.35,77.90085085,29.86360608,JIO4G,4G,-103,,,
2025.04.21_19.05.36,77.90088035,29.86354851,JIO4G,4G,-103,,,
2025.04.21_19.05.37,77.90088035,29.86354851,JIO4G,4G,-103,,,
2025.04.21_19.05.38,77.90092349,29.86356595,JIO4G,4G,-103,,,
2025.04.21_19.05.39,77.90096663,29.8635834,JIO4G,4G,-103,,,
2025.04.21_19.05.40,77.90100977,29.86360085,JIO4G,4G,-103,,,
2025.04.21_19.05.41,77.90100977,29.86360085,JIO4G,4G,-103,,,
2025.04.21_19.05.42,77.90098697,29.86358267,JIO4G,4G,-103,,,
2025.04.21_19.05.43,77.90096417,29.8635645,JIO4G,4G,-103,,,
2025.04.21_19.05.44,77.90096417,29.8635645,JIO4G,4G,-107,,,
2025.04.21_19.05.45,77.900963,29.86355224,JIO4G,4G,-107,,,
2025.04.21_19.05.46,77.90096182,29.86353998,JIO4G,4G,-107,,,
2025.04.21_19.05.47,77.90096065,29.86352772,JIO4G,4G,-107,,,
2025.04.21_19.05.48,77.90095948,29.86351546,JIO4G,4G,-107,,,
2025.04.21_19.05.49,77.9009583,29.8635032,JIO4G,4G,-107,,,
2025.04.21_19.05.50,77.90095713,29.86349094,JIO4G,4G,-107,,,
2025.04.21_19.05.51,77.90095713,29.86349094,JIO4G,4G,-107,,,
2025.04.21_19.05.52,77.90094461,29.86347437,JIO4G,4G,-107,,,
2025.04.21_19.05.53,77.9009321,29.86345779,JIO4G,4G,-107,,,
2025.04.21_19.05.54,77.90091958,29.86344122,JIO4G,4G,-102,,,
2025.04.21_19.05.55,77.90091958,29.86344122,JIO4G,4G,-102,,,
2025.04.21_19.05.56,77.9009084,29.8634388,JIO4G,4G,-105,,,
2025.04.21_19.05.57,77.90089723,29.86343637,JIO4G,4G,-105,,,
2025.04.21_19.05.58,77.90088605,29.86343395,JIO4G,4G,-105,,,
2025.04.21_19.05.59,77.90087488,29.86343153,JIO4G,4G,-105,,,
2025.04.21_19.06.00,77.9008637,29.86342911,JIO4G,4G,-105,,,
2025.04.21_19.06.01,77.90085252,29.86342668,JIO4G,4G,-105,,,
2025.04.21_19.06.02,77.90085252,29.86342668,JIO4G,4G,-105,,,
2025.04.21_19.06.03,77.90086479,29.86341191,JIO4G,4G,-105,,,
2025.04.21_19.06.04,77.90087707,29.86339714,JIO4G,4G,-99,,,
2025.04.21_19.06.05,77.90088934,29.86338237,JIO4G,4G,-99,,,
2025.04.21_19.06.06,77.90090161,29.8633676,JIO4G,4G,-99,,,
2025.04.21_19.06.07,77.90091388,29.86335283,JIO4G,4G,-99,,,
2025.04.21_19.06.08,77.90091388,29.86335283,JIO4G,4G,-99,,,
2025.04.21_19.06.09,77.90091299,29.86333228,JIO4G,4G,-99,,,
2025.04.21_19.06.10,77.90091209,29.86331174,JIO4G,4G,-99,,,
2025.04.21_19.06.11,77.9009112,29.86329119,JIO4G,4G,-99,,,
